,,,,,,,,,Pass Types,Pass Types,Pass Types,Pass Types,Pass Types,Pass Types,Pass Types,Pass Types,Corner Kicks,Corner Kicks,Corner Kicks,Outcomes,Outcomes,Outcomes,,-additional
Rk,Player,Nation,Pos,Squad,Age,Born,90s,Att,Live,Dead,FK,TB,Sw,Crs,TI,CK,In,Out,Str,Cmp,Off,Blocks,Matches,-9999
1,Abner,br BRA,DF,Atl Paranaense,21,2000,23.4,1283,1019,261,27,1,7,49,229,5,2,3,0,986,3,27,Matches,7f9c5d2d
2,Adryelson,br BRA,DF,Botafogo (RJ),23,1998,16.1,662,634,28,24,0,5,0,4,0,0,0,0,540,0,3,Matches,e980e78d
3,Adson,br BRA,FWMF,Corinthians,21,2000,13.8,633,623,7,2,5,2,15,2,3,0,1,0,522,3,19,Matches,eda38706
4,Airton,br BRA,FW,Atl Goianiense,22,1999,19.3,444,405,34,5,4,1,81,3,26,5,19,0,277,5,29,Matches,751ef075
5,Carlos Alberto,br BRA,FWMF,América (MG),19,2002,1.7,24,19,5,0,0,0,3,2,0,0,0,0,13,0,1,Matches,08f48d96
6,Yuri Alberto,br BRA,FW,Corinthians,20,2001,16.1,385,367,13,0,2,2,9,1,0,0,0,0,255,5,13,Matches,65159211
7,Ale,br BRA,MF,América (MG),31,1990,21.4,1110,1045,63,40,1,10,23,22,0,0,0,0,939,2,21,Matches,b7d9347d
8,Alexandre Alemão,br BRA,FW,Internacional,23,1998,22.3,455,419,31,0,2,4,12,0,0,0,0,0,298,5,27,Matches,3ed2a79b
9,Alerrandro,br BRA,FW,Bragantino,22,2000,10.3,149,127,22,0,3,0,2,0,0,0,0,0,116,0,7,Matches,3415a44d
10,Alesson,br BRA,MFFW,Cuiabá,22,1999,11.4,278,272,4,0,0,0,33,2,2,0,1,0,192,2,16,Matches,611e984e
11,Alex,br BRA,DF,Santos,22,1999,3.7,163,157,6,6,0,0,0,0,0,0,0,0,142,0,0,Matches,7367baf7
12,Caio Alexandre,br BRA,MF,Fortaleza,22,1999,11.0,579,547,28,24,2,6,5,2,2,0,0,0,489,4,8,Matches,08ac23b7
13,Matheus Alexandre,br BRA,DF,Coritiba,22,1999,15.6,702,569,132,14,0,3,39,118,0,0,0,0,590,1,13,Matches,0212e748
14,Alexsander,br BRA,DF,Fluminense,18,2003,2.5,138,119,19,2,0,2,5,17,0,0,0,0,115,0,1,Matches,b13e7a78
15,Alisson,br BRA,MFFW,São Paulo,28,1993,10.5,451,431,20,5,0,1,33,11,4,2,2,0,372,0,11,Matches,99139fa4
16,Allan,br BRA,MF,Atlético Mineiro,24,1997,30.4,2081,2011,67,52,0,24,11,12,0,0,0,0,1772,3,15,Matches,b15e93aa
17,Guilherme Almeida Augusto,br BRA,DF,Bragantino,29,1993,1.0,42,31,11,1,0,0,3,10,0,0,0,0,32,0,0,Matches,8eecd5f9
18,Henrique Almeida,br BRA,FW,América (MG),30,1991,16.6,344,310,33,1,1,2,5,2,0,0,0,0,250,1,17,Matches,8aa2f2e3
19,Júnior Alonso,py PAR,DF,Atlético Mineiro,28,1993,28.9,2141,1992,144,47,0,12,7,21,0,0,0,0,1872,5,9,Matches,b18a3023
20,Diego Alves,br BRA,GK,Flamengo,36,1985,4.7,103,75,28,0,0,0,0,0,0,0,0,0,97,0,0,Matches,12421a7c
21,Felipe Alves Raymundo,br BRA,GK,São Paulo,33,1988,17.0,556,405,149,31,0,2,0,0,0,0,0,0,407,2,0,Matches,7fbe8689
22,Felipe Alves Raymundo,br BRA,GK,Juventude,33,1988,1.0,40,23,17,1,0,0,0,0,0,0,0,0,33,0,0,Matches,7fbe8689
23,Rodrigo Alves Soares,br BRA,DF,Juventude,29,1992,31.0,1683,1408,269,45,1,22,110,211,13,1,11,0,1360,6,21,Matches,4c1b67d6
24,Anderson,br BRA,GK,Atl Paranaense,23,1998,5.0,135,72,63,14,0,0,0,0,0,0,0,0,74,0,0,Matches,29d862d4
25,Thonny Anderson,br BRA,MFFW,Coritiba,24,1997,8.1,365,336,25,8,2,0,29,3,12,8,4,0,261,4,10,Matches,7a7c9837
26,André,br BRA,MF,Fluminense,20,2001,33.5,2458,2404,50,44,5,19,5,6,0,0,0,0,2268,4,33,Matches,ec604e2c
27,André,br BRA,FW,Cuiabá,31,1990,8.1,165,149,15,0,0,0,2,1,0,0,0,0,112,1,4,Matches,13b52dec
28,Andrey,br BRA,MF,Avaí,19,2002,0.3,7,7,0,0,0,0,0,0,0,0,0,0,4,0,0,Matches,89c28d9f
29,Brayan Angulo,ec ECU,FWMF,Santos,26,1995,5.3,117,110,5,0,1,0,1,0,0,0,0,0,85,2,2,Matches,37fdc62b
30,Apodi,br BRA,MFFW,Goiás,35,1986,10.1,146,134,11,0,0,1,12,7,0,0,0,0,99,1,2,Matches,affbe6bc
31,Guilherme Arana,br BRA,DF,Atlético Mineiro,24,1997,19.1,1515,1311,202,33,2,11,89,155,14,1,13,0,1300,2,26,Matches,2b15a82a
32,Willian Arão,br BRA,MFDF,Flamengo,29,1992,10.2,587,569,18,16,0,5,4,2,0,0,0,0,519,0,5,Matches,f47a530a
33,Michel Araujo,uy URU,FWMF,Fluminense,25,1996,0.9,85,82,3,1,1,0,7,2,0,0,0,0,70,0,3,Matches,1159e4ae
34,Robert Arboleda,ec ECU,DF,São Paulo,30,1991,8.0,423,390,33,19,0,3,0,0,0,0,0,0,370,0,2,Matches,269dbfc6
35,Jhon Arias,co COL,FWMF,Fluminense,24,1997,29.6,1850,1639,206,55,2,8,172,44,107,34,39,1,1535,5,35,Matches,86d96066
36,Arthur,br BRA,MFDF,América (MG),18,2003,2.0,87,71,14,2,0,3,4,11,1,0,1,0,58,2,3,Matches,8a958856
37,Arthur,br BRA,FW,Corinthians,18,2003,0.0,1,1,0,0,0,0,0,0,0,0,0,0,1,0,0,Matches,e93fed32
38,Artur,br BRA,FWMF,Bragantino,23,1998,31.0,1161,995,159,35,7,4,160,16,104,71,12,0,830,7,27,Matches,105132cd
39,Eduard Atuesta,co COL,MF,Palmeiras,24,1997,7.3,325,298,23,5,0,1,20,8,10,2,7,0,245,4,7,Matches,60990b81
40,Felipe Augusto,br BRA,FW,Corinthians,17,2004,0.8,3,3,0,0,0,0,0,0,0,0,0,0,3,0,0,Matches,1f9cbd0b
41,Leo Augusto Pereira,br BRA,FWMF,Atl Goianiense,21,2000,12.6,293,286,5,1,1,1,55,4,0,0,0,0,172,2,20,Matches,a3818875
42,Renato Augusto,br BRA,MF,Corinthians,33,1988,15.6,1029,922,105,24,3,14,75,8,55,22,19,0,840,2,15,Matches,83a6367a
43,Auremir,br BRA,MF,Goiás,30,1991,16.4,559,541,15,13,1,3,3,1,0,0,0,0,441,3,9,Matches,3a2e6d70
44,Auro,br BRA,DF,Santos,26,1996,4.3,220,175,43,2,0,1,5,41,0,0,0,0,181,2,6,Matches,b234cb0e
45,Danilo Avelar,br BRA,DF,América (MG),32,1989,9.6,419,336,81,7,0,0,24,74,0,0,0,0,292,2,8,Matches,eacb45fd
46,Felipe Azevedo,br BRA,MFFW,América (MG),35,1987,25.3,846,804,38,5,1,10,50,11,21,6,1,0,588,4,29,Matches,4a22b15a
47,Matheus Babi,br BRA,FWMF,Atl Paranaense,24,1997,0.9,20,17,3,0,0,0,0,1,0,0,0,0,15,0,0,Matches,f48cff2c
48,Pedro Bahia,br BRA,MF,Goiás,19,2002,0.3,,,,,,,1,,,,,,,,,Matches,3964a23d
49,Fabrício Baiano,br BRA,FWMF,Fortaleza,29,1992,0.6,29,26,3,0,0,0,8,3,0,0,0,0,15,0,3,Matches,d8a48dad
50,Fabián Balbuena,py PAR,DF,Corinthians,30,1991,12.0,621,596,21,20,1,2,0,0,0,0,0,0,490,4,4,Matches,3626f7d9
51,Robson Bambu,br BRA,DF,Corinthians,24,1997,4.4,188,178,10,6,0,1,0,4,0,0,0,0,160,0,5,Matches,d4fa7d01
52,Léo Baptistão,br BRA,FWMF,Santos,29,1992,12.6,335,328,3,0,1,6,15,3,0,0,0,0,219,4,18,Matches,35f6db55
53,Gabriel Baralhas,br BRA,MF,Atl Goianiense,23,1998,24.0,1149,1110,37,30,0,18,7,7,0,0,0,0,1015,2,16,Matches,b7838aad
54,Danilo Barbosa,br BRA,MF,Botafogo (RJ),25,1996,1.8,77,76,1,1,0,3,0,0,0,0,0,0,60,0,0,Matches,0557ff4f
55,Gabriel Barbosa,br BRA,FW,Flamengo,25,1996,22.7,721,645,73,3,7,4,34,5,21,3,4,1,586,3,18,Matches,72d0e1b6
56,Lucas Barbosa,br BRA,FWMF,Santos,20,2001,8.6,285,281,3,1,3,9,14,2,0,0,0,0,185,1,13,Matches,a28eac7e
57,Danilo Barcelos,br BRA,DFMF,Goiás,30,1991,11.4,460,320,139,18,0,3,56,103,18,6,12,0,299,1,6,Matches,26f4ef39
58,Leandro Barcia,uy URU,FW,Atl Goianiense,29,1992,0.3,4,4,0,0,0,0,0,0,0,0,0,0,2,0,1,Matches,11d91ea7
59,Barreto,br BRA,MF,Botafogo (RJ),26,1995,0.3,14,12,2,2,0,0,0,0,0,0,0,0,11,0,1,Matches,de08d383
60,Fellipe Bastos,br BRA,MF,Goiás,31,1990,9.6,588,502,83,60,0,5,35,0,19,11,8,0,465,3,4,Matches,9b99eae0
61,Ramiro Benetti,br BRA,MFFW,Corinthians,28,1993,6.1,290,282,8,3,1,0,4,4,1,0,1,0,236,0,7,Matches,96d14fe7
62,Martín Benítez,ar ARG,MF,América (MG),27,1994,8.4,493,403,89,38,3,6,63,15,33,10,16,1,354,1,8,Matches,c122e34e
63,Bento,br BRA,GK,Atl Paranaense,22,1999,33.0,852,475,371,54,0,2,0,0,0,0,0,0,485,6,0,Matches,5d699228
64,Lucas Beraldo,br BRA,DF,São Paulo,18,2003,1.4,81,79,2,0,0,1,0,0,0,0,0,0,69,0,0,Matches,b8aedf06
65,Eduardo de Biasi,br BRA,MF,Avaí,25,1997,20.8,789,763,23,10,4,4,26,11,2,1,0,0,659,3,12,Matches,828a04fa
66,Pedro Bicalho,br BRA,MF,Palmeiras,20,2001,0.0,3,3,0,0,0,1,0,0,0,0,0,0,3,0,0,Matches,f35cb8a4
67,Raul Bicalho,br BRA,DF,Corinthians,22,1999,18.7,1091,1067,20,18,0,16,5,2,0,0,0,0,914,4,8,Matches,79af412b
68,Guilherme Biro,br BRA,FW,Corinthians,17,2004,1.2,37,35,2,0,0,0,3,0,2,2,0,0,30,0,1,Matches,e38c2c76
69,Guilherme Biro,br BRA,DF,Coritiba,21,2000,8.2,378,299,78,4,0,2,19,74,0,0,0,0,299,1,6,Matches,02c7236e
70,Guilherme Bissoli,br BRA,FW,Avaí,24,1998,27.1,545,477,66,1,1,0,15,2,0,0,0,0,386,2,25,Matches,c9024e62
71,Marcelo Boeck,br BRA,GK,Fortaleza,37,1984,13.0,301,149,150,32,0,1,0,0,0,0,0,0,205,2,0,Matches,069cb4f8
72,Ângelo Borges,br BRA,FWMF,Santos,17,2004,17.0,522,500,18,4,5,2,51,7,7,3,0,0,348,4,25,Matches,737945d9
73,Daniel Borges,br BRA,DF,Botafogo (RJ),28,1993,20.8,1297,1015,278,59,1,23,115,175,44,11,29,1,986,4,18,Matches,71879f82
74,Douglas Borges,br BRA,GK,Botafogo (RJ),31,1990,1.0,25,15,10,3,0,0,0,0,0,0,0,0,19,0,0,Matches,55196057
75,Marllon Borges,br BRA,DF,Cuiabá,29,1992,33.4,1362,1289,67,65,1,10,2,2,0,0,0,0,1168,6,12,Matches,d0b29bbd
76,Gabriel Boschilia,br BRA,MFFW,Internacional,25,1996,0.6,50,44,6,2,1,0,2,2,2,1,1,0,41,0,3,Matches,e90af77c
77,Gabriel Boschilia,br BRA,MF,Coritiba,25,1996,5.3,183,163,20,11,0,0,10,2,6,4,2,0,139,0,9,Matches,e90af77c
78,Lucas Braga,br BRA,FWMF,Santos,25,1996,23.1,677,622,49,15,2,2,49,31,3,1,0,0,530,6,21,Matches,8a0a73ad
79,David Braz,br BRA,DF,Fluminense,34,1987,7.9,416,386,29,23,0,7,2,2,0,0,0,0,348,1,1,Matches,9313b408
80,Breno,br BRA,FW,Palmeiras,26,1996,3.7,151,145,5,2,0,3,14,3,0,0,0,0,109,1,5,Matches,e0016d00
81,Bressan,br BRA,DF,Avaí,29,1993,20.6,1046,988,54,52,0,20,0,2,0,0,0,0,875,4,8,Matches,3db1684c
82,Emanuel Brítez,ar ARG,DF,Fortaleza,29,1992,20.0,682,548,132,16,1,5,6,116,0,0,0,0,476,2,10,Matches,fb29d05d
83,Bruninho,br BRA,MFFW,Juventude,21,2000,1.3,47,37,10,3,0,0,7,0,7,0,6,0,38,0,1,Matches,f7a3e78a
84,Bruno,br BRA,MF,Bragantino,18,2003,0.4,11,11,0,0,0,0,0,0,0,0,0,0,10,0,0,Matches,ad8c3404
85,Fabrício Bruno,br BRA,DF,Flamengo,25,1996,13.0,766,716,50,45,0,12,2,0,0,0,0,0,688,0,1,Matches,470d197b
86,Ricardo Bueno,br BRA,FW,Juventude,34,1987,9.0,262,241,19,0,0,3,11,0,0,0,0,0,197,2,7,Matches,768cbb2d
87,Vitor Bueno,br BRA,MFFW,Atl Paranaense,27,1994,12.5,459,414,42,19,3,10,28,2,12,8,2,0,343,3,5,Matches,5752f96d
88,Busanello,br BRA,DF,Juventude,23,1998,3.2,149,117,30,2,0,0,12,24,4,3,1,0,116,2,2,Matches,788c4780
89,Fabricio Bustos,ar ARG,DF,Internacional,25,1996,29.7,1708,1420,286,33,0,1,35,253,0,0,0,0,1340,2,40,Matches,82549f54
90,Nahuel Bustos,ar ARG,FW,São Paulo,23,1998,3.2,70,68,2,0,0,0,3,0,0,0,0,0,55,0,3,Matches,8f774c7f
91,Daniel Cabral,br BRA,FW,Flamengo,19,2002,0.0,0,0,0,0,0,0,0,0,0,0,0,0,0,0,0,Matches,c080bb5e
92,Patric Cabral Lalau,br BRA,DF,América (MG),32,1989,19.1,1077,812,263,35,0,6,118,192,36,10,23,0,777,2,35,Matches,16cd17b7
93,Raúl Cáceres,py PAR,DF,América (MG),30,1991,18.0,831,639,190,10,0,2,89,164,16,0,15,0,581,2,22,Matches,6d9dc5be
94,Matheus Cadorini,br BRA,FW,Internacional,19,2002,1.0,16,14,1,0,0,0,1,0,0,0,0,0,11,1,2,Matches,7f2b23f8
95,Matheus Cadorini,br BRA,FW,Coritiba,19,2002,3.5,85,71,12,0,1,2,0,0,0,0,0,0,59,2,3,Matches,7f2b23f8
96,Caetano,br BRA,DF,Goiás,22,1999,24.6,888,819,67,32,0,11,4,31,0,0,0,0,729,2,4,Matches,226e5efd
97,Jonathan Cafu,br BRA,DFMF,Cuiabá,30,1991,6.2,209,200,8,2,0,1,15,6,0,0,0,0,160,1,7,Matches,8d043f1d
98,Rodrigo Caio,br BRA,DF,Flamengo,28,1993,6.5,415,398,17,17,0,0,0,0,0,0,0,0,389,0,0,Matches,186ed8f1
99,Calebe,br BRA,MFFW,Atlético Mineiro,21,2000,2.9,172,163,9,7,1,1,4,1,1,0,1,0,150,0,2,Matches,c84af55e
100,Lucas Calegari,br BRA,DF,Fluminense,19,2002,7.3,409,342,65,11,0,2,13,54,0,0,0,0,344,2,8,Matches,a564fe91
101,Jonathan Calleri,ar ARG,FW,São Paulo,28,1993,31.3,650,584,61,0,1,2,38,3,0,0,0,0,418,5,27,Matches,6922f806
102,Guilherme Camacho,br BRA,MF,Santos,31,1990,18.1,978,927,50,48,1,4,4,2,0,0,0,0,858,1,11,Matches,61a6775b
103,Nathan Camargo,br BRA,MFFW,Bragantino,16,2005,0.8,34,29,5,1,0,0,0,4,0,0,0,0,28,0,0,Matches,2c79da44
104,Camilo,br BRA,MF,Cuiabá,22,1999,18.5,728,711,14,11,1,7,7,3,0,0,0,0,598,3,12,Matches,dfb81359
105,Camutanga,br BRA,DF,Atl Goianiense,28,1993,0.8,54,52,2,2,0,0,0,0,0,0,0,0,50,0,0,Matches,c455a045
106,Luan Cândido,br BRA,DF,Bragantino,20,2001,29.2,1324,1037,283,12,0,4,46,271,0,0,0,0,948,4,17,Matches,ca151606
107,Germán Cano,ar ARG,FW,Fluminense,33,1988,34.2,574,500,71,0,1,6,12,2,0,0,0,0,435,3,20,Matches,9ccf4e14
108,Agustín Canobbio,uy URU,FW,Atl Paranaense,23,1998,15.6,419,378,39,6,3,2,35,16,17,10,3,0,304,2,13,Matches,4f5a2f38
109,Víctor Cantillo,co COL,MF,Corinthians,28,1993,10.2,751,689,61,35,0,16,23,4,22,10,5,0,644,1,6,Matches,45075f2f
110,Capixaba,br BRA,FWMF,Juventude,25,1997,18.4,449,396,51,8,0,0,58,32,9,4,3,0,302,2,19,Matches,ea2634a1
111,Juninho Capixaba,br BRA,DF,Fortaleza,24,1997,32.3,1774,1387,377,55,1,7,157,270,51,28,20,0,1254,10,39,Matches,91ba7336
112,Gabriel Carabajal,ar ARG,MFFW,Santos,30,1991,5.5,229,197,31,10,0,4,26,5,16,4,10,0,171,1,3,Matches,7a694ae4
113,Johnny Cardoso,us USA,MF,Internacional,20,2001,15.7,762,754,7,6,0,2,5,1,0,0,0,0,650,1,15,Matches,7426f085
114,Igor Cariús,br BRA,DFMF,Cuiabá,28,1993,12.9,640,493,143,11,0,3,41,132,0,0,0,0,447,4,23,Matches,662475de
115,Joel Carli,ar ARG,DF,Botafogo (RJ),35,1986,4.1,132,123,9,8,0,0,0,0,0,0,0,0,107,0,0,Matches,00d6e369
116,Ed Carlos,br BRA,MF,Santos,20,2001,2.9,162,145,16,3,2,4,10,2,10,8,0,0,125,1,3,Matches,e93e479e
117,Jan Carlos Hurtado,ve VEN,FW,Bragantino,21,2000,5.4,82,65,16,0,0,0,1,0,0,0,0,0,66,1,1,Matches,f50b0b2b
118,João Carlos,br BRA,GK,Cuiabá,33,1988,10.6,254,143,111,20,0,0,0,0,0,0,0,0,166,0,0,Matches,ad9e7995
119,Alan Carvalho,cn CHN,FWMF,Fluminense,32,1989,0.4,13,13,0,0,0,0,0,0,0,0,0,0,13,0,0,Matches,ebb2d232
120,Guilherme Carvalho,br BRA,MF,Ceará,22,1999,7.6,322,288,34,17,1,1,26,5,12,5,3,0,244,0,5,Matches,a32d25d3
121,Guilherme Carvalho,br BRA,MFDF,Atlético Mineiro,22,1999,1.6,71,68,3,2,0,0,1,1,0,0,0,0,55,0,2,Matches,a32d25d3
122,Cássio,br BRA,GK,Corinthians,34,1987,34.0,958,570,388,100,0,1,0,0,0,0,0,0,704,0,0,Matches,d42f6326
123,Luciano Castán,br BRA,DF,Coritiba,32,1989,35.0,1631,1532,97,84,0,19,2,2,0,0,0,0,1371,2,15,Matches,0470eeba
124,Iury de Castilho,br BRA,FW,Ceará,26,1995,5.8,136,133,3,1,0,1,13,1,1,0,0,0,101,0,4,Matches,555311f2
125,Cauã,br BRA,DF,Juventude,18,2003,0.5,19,13,6,0,0,0,0,6,0,0,0,0,13,0,1,Matches,3c48a088
126,Matheus Cavichioli,br BRA,GK,América (MG),35,1986,25.0,778,472,305,64,0,2,0,0,0,0,0,0,522,1,0,Matches,8470f026
127,Brayan Ceballos,co COL,DF,Fortaleza,20,2001,11.9,472,430,41,5,0,0,3,36,0,0,0,0,351,1,6,Matches,3fa61ade
128,Murilo Cerqueira,br BRA,DF,Palmeiras,24,1997,31.5,1624,1583,38,36,0,13,0,2,0,0,0,0,1463,3,4,Matches,10fe831e
129,Reynaldo Cesar Moraes,br BRA,DF,Goiás,25,1997,30.5,843,824,16,16,0,5,2,0,0,0,0,0,701,3,7,Matches,589d070c
130,Jhon Chancellor,ve VEN,DF,Coritiba,30,1992,13.0,408,397,11,10,0,1,0,1,0,0,0,0,343,0,1,Matches,84b6acaa
131,Arthur Chaves,br BRA,DF,Avaí,21,2001,16.5,829,808,17,15,0,2,0,2,0,0,0,0,720,4,6,Matches,913e4711
132,Renato Chaves,br BRA,DF,Juventude,31,1990,1.8,39,37,1,1,0,1,0,0,0,0,0,0,28,1,0,Matches,2a51efe8
133,Chico,br BRA,MFFW,Juventude,30,1991,24.2,1018,860,156,61,1,10,145,2,83,35,41,0,724,2,23,Matches,bad7d8a9
134,Christian,br BRA,MF,Atl Paranaense,21,2000,4.8,173,169,4,3,0,3,3,0,0,0,0,0,141,0,4,Matches,a856b456
135,Diego Churín,ar ARG,FW,Atl Goianiense,32,1989,26.5,689,605,77,3,2,7,11,10,0,0,0,0,448,7,33,Matches,875ac6e9
136,Marcelo Cirino,br BRA,FW,Atl Paranaense,30,1992,5.2,87,81,5,0,1,0,7,0,0,0,0,0,52,1,5,Matches,6ba81b35
137,Léo Cittadini,br BRA,MFFW,Atl Paranaense,27,1994,8.0,292,273,19,13,0,3,5,4,1,0,0,0,243,0,6,Matches,68410185
138,Luccas Claro,br BRA,DF,Fluminense,30,1991,5.2,236,225,11,11,0,2,0,0,0,0,0,0,183,0,3,Matches,3cacc0ec
139,Clayton,br BRA,FWMF,Coritiba,23,1999,3.6,62,52,9,0,1,0,1,0,0,0,0,0,50,1,3,Matches,b05870de
140,Cléber,br BRA,FW,Ceará,25,1996,10.9,261,238,22,0,0,0,5,1,0,0,0,0,182,1,5,Matches,e539e239
141,Jean Cléber,br BRA,MF,Avaí,31,1990,9.6,401,390,10,6,1,2,6,4,0,0,0,0,316,1,11,Matches,16bf849a
142,Cleiton,br BRA,DF,Flamengo,18,2003,0.0,,,,,,,0,,,,,,,,,Matches,741c6251
143,Andrés Colorado,co COL,MF,São Paulo,23,1998,3.4,171,168,3,3,1,5,1,0,0,0,0,0,140,0,8,Matches,f3afff11
144,Germán Conti,ar ARG,DF,América (MG),27,1994,18.4,692,668,19,18,0,2,0,1,0,0,0,0,517,5,7,Matches,7b18b6db
145,Jonathan Copete,co COL,FW,Avaí,34,1988,3.1,81,79,1,0,0,0,6,0,1,0,0,0,56,1,7,Matches,ce070a45
146,Bruno Cortez,br BRA,DF,Avaí,34,1987,27.0,1482,1203,277,40,1,6,28,237,0,0,0,0,1191,2,44,Matches,a3a1198a
147,Talles Costa,br BRA,MF,São Paulo,19,2002,6.1,252,243,9,4,1,0,5,5,0,0,0,0,219,0,4,Matches,d8f15d24
148,Lucas Crispim,br BRA,DFMF,Fortaleza,27,1994,13.0,612,481,130,29,0,6,79,58,43,19,20,0,456,1,10,Matches,6501ff61
149,Daniel Cruz,br BRA,FWDF,Botafogo (RJ),20,2001,0.1,3,3,0,0,0,0,0,0,0,0,0,0,1,0,0,Matches,86a118c2
150,Tomás Cuello,ar ARG,FW,Atl Paranaense,21,2000,18.0,653,594,55,12,2,9,74,24,19,15,2,1,459,4,19,Matches,5c8615dd
151,Víctor Cuesta,ar ARG,DF,Botafogo (RJ),33,1988,28.5,1322,1265,53,50,0,7,8,3,0,0,0,0,1085,4,8,Matches,39fb428f
152,Andrés D'Alessandro,ar ARG,FW,Internacional,40,1981,0.8,60,55,5,1,0,0,3,1,3,2,1,0,46,0,2,Matches,6a11048a
153,Adailson Dadá,br BRA,MFFW,Goiás,24,1997,27.9,681,578,100,31,2,12,105,47,22,10,9,0,445,3,37,Matches,2a75cc09
154,Daniel,br BRA,GK,Internacional,27,1994,23.0,566,332,233,62,0,0,0,0,0,0,0,0,385,1,0,Matches,636fc976
155,Danilo,br BRA,DF,Goiás,24,1997,2.6,51,50,1,1,0,0,0,0,0,0,0,0,42,0,0,Matches,415a34c5
156,Danilo,br BRA,MF,Palmeiras,20,2001,30.5,1361,1321,37,32,5,13,16,4,0,0,0,0,1127,3,17,Matches,a816dbfb
157,David,br BRA,MF,Ceará,17,2004,0.1,1,1,0,0,0,0,0,0,0,0,0,0,1,0,0,Matches,16a42430
158,David,br BRA,FW,Internacional,26,1995,9.1,233,211,20,0,0,1,12,4,2,0,1,0,167,2,5,Matches,92f9ace5
159,Kayke David,br BRA,FWMF,Flamengo,19,2003,0.3,19,17,2,0,0,0,2,0,2,2,0,0,15,0,0,Matches,2285358d
160,Giorgian De Arrascaeta,uy URU,MF,Flamengo,27,1994,16.4,908,776,127,45,11,6,132,5,75,35,27,3,659,5,30,Matches,be8d02dd
161,Romildo Del Piage,br BRA,MF,Botafogo (RJ),21,2000,5.7,205,199,4,4,1,2,5,0,0,0,0,0,153,2,9,Matches,679ca46d
162,Denilson,br BRA,MF,Cuiabá,20,2001,7.8,377,371,5,4,2,0,1,1,0,0,0,0,326,1,11,Matches,9144afdf
163,Dentinho,br BRA,FW,Ceará,33,1989,0.6,23,21,2,0,0,0,2,1,1,1,0,0,20,0,1,Matches,85686f86
164,Dentinho,br BRA,FWMF,Avaí,24,1997,3.2,107,106,1,0,2,0,7,0,1,0,0,0,84,0,3,Matches,aaacc628
165,Valentín Depietri,ar ARG,FWMF,Fortaleza,21,2000,2.6,105,104,1,0,0,2,13,1,0,0,0,0,73,0,7,Matches,d02cb5d7
166,Deyverson,br BRA,FW,Cuiabá,30,1991,14.1,329,296,32,0,0,2,10,4,0,0,0,0,175,1,7,Matches,2e5e846d
167,Luan Dias,br BRA,MFFW,Goiás,24,1997,8.6,306,283,19,5,1,1,19,1,7,4,2,0,242,4,15,Matches,a342ce1e
168,Matheus Dias,br BRA,MF,Internacional,24,1997,1.2,35,35,0,0,0,0,0,0,0,0,0,0,29,0,0,Matches,ddfa9005
169,Juan Díaz,co COL,MF,Coritiba,20,2001,1.5,47,47,0,0,0,0,0,0,0,0,0,0,43,0,1,Matches,36839110
170,Diego,br BRA,MFDF,Ceará,33,1988,2.3,84,78,6,1,0,0,8,4,1,0,1,0,47,0,5,Matches,cd09e9a1
171,Diego,br BRA,GK,Atl Goianiense,23,1998,2.0,66,44,21,5,0,0,0,0,0,0,0,0,44,1,0,Matches,6b023405
172,Diego,br BRA,DF,São Paulo,22,1999,19.1,1057,1004,47,25,0,19,6,0,0,0,0,0,888,6,7,Matches,7fb8f90c
173,Diego,br BRA,MF,Flamengo,36,1985,9.8,606,591,13,9,0,1,6,2,2,0,2,0,529,2,5,Matches,255a478a
174,Diego,br BRA,GK,Botafogo (RJ),23,1998,2.0,57,32,24,3,0,0,0,0,0,0,0,0,34,1,0,Matches,6b023405
175,Dieguinho,br BRA,MFDF,Goiás,26,1995,32.1,1116,931,183,15,0,4,87,160,0,0,0,0,825,2,27,Matches,7e5a7340
176,Dodô,br BRA,DF,Atlético Mineiro,29,1992,10.1,471,397,74,4,0,0,34,70,0,0,0,0,386,0,7,Matches,99931185
177,Matheus Donelli,br BRA,GK,Corinthians,19,2002,2.0,44,22,22,3,0,0,0,0,0,0,0,0,35,0,0,Matches,7c736064
178,Renan dos Santos,br BRA,GK,Atl Goianiense,32,1989,16.0,425,234,190,38,0,1,0,0,0,0,0,0,332,1,0,Matches,6bfaecc4
179,Douglas,br BRA,DF,Bragantino,33,1988,0.8,,,,,,,1,,,,,,,,,Matches,e7fea035
180,Rodrigo Dourado,br BRA,MF,Internacional,27,1994,5.0,183,175,8,8,1,0,0,0,0,0,0,0,153,0,4,Matches,d7d05a22
181,David Duarte,br BRA,DF,Fluminense,27,1995,0.9,46,44,2,1,0,0,0,1,0,0,0,0,34,0,1,Matches,91bf16f7
182,Dudu,br BRA,FW,Palmeiras,30,1992,31.3,1156,1074,66,17,3,23,77,37,12,5,2,0,861,16,36,Matches,895ef5ec
183,Dudu,br BRA,DF,Juventude,19,2002,1.2,42,37,5,0,0,0,1,4,1,0,1,0,29,0,1,Matches,3f10ae0b
184,Pablo Dyego,br BRA,FW,Avaí,27,1994,5.4,130,126,4,1,0,0,7,2,0,0,0,0,108,0,3,Matches,fce54d7d
185,Edenílson,br BRA,MF,Internacional,32,1989,24.3,1131,1055,71,26,2,10,62,11,33,3,27,0,946,5,17,Matches,4e50f20e
186,Eder,br BRA,DF,América (MG),26,1995,32.7,1149,1099,45,43,1,16,1,2,0,0,0,0,899,5,6,Matches,ba1a2c4c
187,Éder,it ITA,FWMF,São Paulo,35,1986,7.4,133,122,11,2,0,1,11,0,0,0,0,0,104,0,3,Matches,5a325298
188,Edinho,br BRA,MF,Juventude,27,1994,4.1,,,,,,,20,,,,,,,,,Matches,a8cedcd9
189,Edson,br BRA,MFDF,Atl Goianiense,23,1998,9.1,482,410,72,23,0,2,16,44,5,0,4,0,409,0,6,Matches,644d4d85
190,Edson,br BRA,DFMF,Atl Goianiense,30,1991,15.8,869,839,29,25,0,9,1,4,0,0,0,0,762,1,8,Matches,041250aa
191,Carlos Eduardo,br BRA,MF,Botafogo (RJ),32,1989,12.2,489,467,21,11,1,6,11,3,0,0,0,0,406,1,6,Matches,1a234d32
192,Carlos Eduardo,br BRA,FWMF,Bragantino,25,1996,10.0,170,160,9,0,0,4,15,1,0,0,0,0,115,1,10,Matches,27c23008
193,Elton,br BRA,MF,Juventude,31,1990,12.9,539,517,21,20,0,3,0,1,0,0,0,0,482,1,8,Matches,42b5868b
194,Leandro Emmanuel Martínez,ar ARG,MF,América (MG),27,1994,2.9,157,130,27,9,0,0,19,0,18,4,9,0,128,0,2,Matches,74758396
195,Alan Empereur,br BRA,DF,Cuiabá,27,1994,24.7,1065,976,84,72,0,15,6,10,0,0,0,0,886,5,11,Matches,825b8997
196,Endrick,br BRA,FW,Palmeiras,15,2006,3.4,32,28,4,0,0,0,2,0,0,0,0,0,23,0,1,Matches,a2728fbf
197,Erick,br BRA,MF,Atl Paranaense,24,1997,20.5,681,650,28,21,1,5,5,7,0,0,0,0,574,3,12,Matches,8a826636
198,Erick,br BRA,FWMF,Ceará,24,1997,11.7,436,391,44,6,1,8,62,15,22,13,4,0,301,1,13,Matches,8edcad0d
199,Erison,br BRA,FW,Botafogo (RJ),22,1999,16.5,197,161,36,1,2,1,10,1,0,0,0,0,130,0,8,Matches,a9c450cb
200,Estevão,br BRA,FWMF,Internacional,19,2002,1.2,46,46,0,0,0,0,0,0,0,0,0,0,34,0,2,Matches,149f4681
201,Lucas Evangelista,br BRA,MF,Bragantino,26,1995,29.0,1246,1216,25,14,2,4,29,10,0,0,0,0,1020,5,22,Matches,5f4ce4b6
202,Everaldo,br BRA,MFFW,América (MG),27,1994,21.0,832,775,54,10,5,5,117,20,22,5,8,0,607,3,35,Matches,bdb57777
203,Éverson,br BRA,GK,Atlético Mineiro,31,1990,37.0,1161,1018,142,32,0,3,0,0,0,0,0,0,928,1,0,Matches,a59c090b
204,Éverton,br BRA,MFFW,Cuiabá,33,1988,4.4,146,143,3,1,0,0,9,2,0,0,0,0,102,0,3,Matches,f50a3570
205,Fabinho,br BRA,MF,Palmeiras,19,2002,0.8,55,55,0,0,0,1,0,0,0,0,0,0,49,0,0,Matches,ff0e595c
206,Fábio,br BRA,FWMF,Atlético Mineiro,24,1997,1.5,24,24,0,0,0,0,0,0,0,0,0,0,17,0,0,Matches,30f90535
207,Fábio,br BRA,GK,Fluminense,41,1980,38.0,957,608,348,64,0,2,0,0,0,0,0,0,794,1,0,Matches,15825726
208,Fabrício,br BRA,FWMF,Coritiba,24,1997,16.7,444,421,19,2,4,1,24,5,1,1,0,0,295,4,27,Matches,0211a29e
209,Fagner,br BRA,DF,Corinthians,32,1989,10.0,745,605,139,18,2,5,51,111,10,1,8,0,567,1,10,Matches,a9cc58fe
210,Willian Farias,br BRA,MF,Coritiba,32,1989,17.7,829,800,26,22,1,11,2,4,0,0,0,0,723,3,8,Matches,d1fcff2f
211,Lucas Fasson,br BRA,DF,Atl Paranaense,20,2001,0.8,52,48,4,2,0,2,0,2,0,0,0,0,34,0,1,Matches,31ecbf29
212,Felipe,br BRA,MF,Fortaleza,27,1994,9.8,535,499,34,22,2,7,3,12,0,0,0,0,455,2,9,Matches,cadbabf9
213,Luis Felipe,br BRA,DF,Santos,28,1993,10.9,,,,,,,0,,,,,,,,,Matches,746c8624
214,Matheus Felipe,br BRA,DF,Atl Paranaense,23,1998,19.8,637,594,40,37,0,13,2,3,0,0,0,0,507,3,6,Matches,90749ab9
215,Lucas Fernandes,br BRA,MF,Botafogo (RJ),24,1997,18.6,1017,910,102,53,2,11,63,10,36,14,19,0,854,5,11,Matches,a109d777
216,Matheus Fernandes,br BRA,MF,Atl Paranaense,23,1998,7.6,247,242,4,1,1,0,1,3,0,0,0,0,205,1,3,Matches,f76fdcd2
217,Gatito Fernández,py PAR,GK,Botafogo (RJ),33,1988,31.2,813,486,326,91,0,0,0,0,0,0,0,0,572,1,1,Matches,9a82f79a
218,Ignacio Fernández,ar ARG,MF,Atlético Mineiro,32,1990,24.7,1442,1221,215,67,3,1,154,20,122,54,37,1,1138,6,28,Matches,97a17c0b
219,Rodrigo Fernández,uy URU,MF,Santos,26,1996,25.7,1275,1227,45,40,2,10,17,5,0,0,0,0,1058,3,22,Matches,617ee116
220,Fernandinho,br BRA,MF,Atl Paranaense,36,1985,10.8,549,518,29,24,2,7,13,3,1,0,0,0,445,2,6,Matches,101da2b5
221,Derick Fernando,br BRA,DF,Santos,19,2002,0.2,9,9,0,0,0,0,0,0,0,0,0,0,8,0,0,Matches,a19d96f6
222,Luiz Fernando,br BRA,FWMF,Atl Goianiense,25,1996,19.4,514,499,15,4,3,5,25,3,2,0,1,0,385,0,24,Matches,824ed016
223,Nahuel Ferraresi,ve VEN,DF,São Paulo,23,1998,7.9,480,455,23,15,2,0,0,0,0,0,0,0,424,2,1,Matches,719aab45
224,Luiz Filipe,br BRA,MFFW,Goiás,20,2001,0.4,8,7,1,0,0,0,1,1,0,0,0,0,4,0,1,Matches,4a615e0b
225,Flávio,br BRA,MF,América (MG),21,2000,0.3,23,23,0,0,0,0,1,0,0,0,0,0,18,0,1,Matches,f0367bfd
226,Rafael Forster,br BRA,DF,Juventude,31,1990,18.1,939,860,76,65,0,10,7,4,0,0,0,0,738,3,7,Matches,eb3f56e5
227,Matheus França,br BRA,FWMF,Flamengo,17,2004,7.5,234,223,11,0,2,2,8,0,0,0,0,0,176,0,13,Matches,077faf72
228,Fred,br BRA,FWMF,Fluminense,38,1983,1.4,44,41,3,1,0,0,1,0,0,0,0,0,32,0,2,Matches,acaeba74
229,Marlon Freitas,br BRA,MF,Atl Goianiense,26,1995,27.5,1848,1787,52,36,7,27,23,14,1,0,1,0,1563,9,23,Matches,ae3181de
230,Douglas Friedrich,br BRA,GK,Avaí,33,1988,10.4,261,154,106,23,0,0,0,0,0,0,0,0,201,1,0,Matches,8789242d
231,Gabriel,br BRA,MF,São Paulo,22,1999,0.5,11,10,1,1,0,0,1,0,0,0,0,0,10,0,1,Matches,135d500d
232,Gabriel,br BRA,MF,Internacional,29,1992,23.8,1423,1366,55,49,0,11,8,6,0,0,0,0,1267,2,20,Matches,e9c0d5d8
233,Gabriel,br BRA,GK,Coritiba,29,1992,13.0,382,230,151,47,0,0,0,0,0,0,0,0,277,1,0,Matches,f93ed0df
234,Gabriel,br BRA,MF,Botafogo (RJ),28,1993,8.3,439,420,17,14,2,6,11,0,3,1,1,0,351,2,11,Matches,0d10333c
235,Eduardo Gabriel,br BRA,DF,Santos,25,1996,33.0,1538,1486,52,49,0,7,0,3,0,0,0,0,1329,0,12,Matches,aed65960
236,Luiz Gabriel,br BRA,FWMF,Coritiba,19,2002,1.1,53,49,4,4,0,0,0,0,0,0,0,0,47,0,0,Matches,f9c619e0
237,Marquinhos Gabriel,br BRA,MFFW,Goiás,31,1990,8.4,238,194,42,22,0,3,20,5,9,1,5,0,181,2,5,Matches,fcd113c4
238,Vitor Gabriel,br BRA,FWMF,Juventude,22,2000,8.6,143,130,10,0,1,0,3,1,0,0,0,0,73,3,4,Matches,094c2abd
239,Matías Galarza,py PAR,MF,Coritiba,19,2002,6.7,269,261,6,3,1,0,10,3,0,0,0,0,202,2,4,Matches,8e97a57b
240,Matheus Galdezani,br BRA,MF,Avaí,29,1992,3.2,142,137,4,2,0,1,4,0,2,0,2,0,106,1,6,Matches,5042eb90
241,Thiago Galhardo,br BRA,FWMF,Fortaleza,32,1989,15.0,352,323,23,0,3,1,10,3,1,0,0,0,216,6,14,Matches,766f48dd
242,Giuliano Galoppo,ar ARG,MF,São Paulo,22,1999,7.9,307,298,7,6,1,2,7,0,0,0,0,0,226,2,11,Matches,a8eeadaf
243,Léo Gamalho,br BRA,FW,Coritiba,36,1986,18.4,346,303,42,0,0,5,6,2,0,0,0,0,255,1,5,Matches,f73056ee
244,Ganso,br BRA,MFFW,Fluminense,32,1989,27.5,2076,1922,143,79,11,6,60,30,34,19,2,1,1816,11,25,Matches,23593121
245,García,br BRA,DFMF,Palmeiras,20,2002,1.1,76,70,6,0,0,0,1,6,0,0,0,0,64,0,2,Matches,45d071f4
246,Bryan García,ec ECU,MF,Atl Paranaense,21,2001,3.1,119,119,0,0,0,3,1,0,0,0,0,0,88,0,8,Matches,7b66d351
247,Luan Garcia,br BRA,DF,Palmeiras,28,1993,13.6,656,623,28,25,0,4,1,3,0,0,0,0,555,5,3,Matches,6ebe6cc1
248,Gaspar,br BRA,FW,Avaí,19,2002,0.4,9,8,1,0,0,0,1,1,0,0,0,0,5,0,0,Matches,996af9a5
249,Rafael Gava,br BRA,MF,Cuiabá,28,1993,22.7,1017,848,167,60,0,7,178,1,105,39,57,1,688,2,34,Matches,713e1a36
250,Lucas Gazal,br BRA,DF,Atl Goianiense,22,1999,14.5,597,571,25,17,0,13,3,1,0,0,0,0,486,1,3,Matches,dcae46d5
251,Guilherme Gehring,br BRA,MF,Juventude,16,2005,0.1,2,2,0,0,0,0,0,0,0,0,0,0,2,0,0,Matches,37faab98
252,Geovane,br BRA,MF,Ceará,22,1999,6.1,277,260,14,8,1,2,6,5,0,0,0,0,219,3,6,Matches,099a14d5
253,Gil,br BRA,DF,Corinthians,34,1987,22.7,1202,1169,33,30,0,10,0,3,0,0,0,0,1039,0,10,Matches,31edef00
254,Giovane,br BRA,FWDF,Corinthians,18,2003,3.3,102,99,2,0,0,1,6,0,1,0,1,0,70,1,3,Matches,1b567cdc
255,Giovani,br BRA,FWMF,Palmeiras,18,2004,0.4,14,14,0,0,0,0,2,0,0,0,0,0,9,0,1,Matches,a199bd5f
256,Glédson,br BRA,GK,Avaí,38,1983,5.0,128,70,57,10,0,0,0,0,0,0,0,0,98,1,0,Matches,a9d625f5
257,Diego Godín,uy URU,DF,Atlético Mineiro,35,1986,1.0,80,79,1,1,0,0,0,0,0,0,0,0,73,0,0,Matches,fc4f85b1
258,Bruno Gomes,br BRA,MF,Coritiba,20,2001,16.6,681,649,30,21,2,4,21,2,7,4,2,0,548,2,11,Matches,76f2bbf8
259,Igor Gomes,br BRA,MF,São Paulo,22,1999,22.9,1022,971,46,19,6,12,64,5,22,6,16,0,803,5,21,Matches,6a7fb945
260,Igor Gomes,br BRA,DF,Internacional,20,2001,1.3,85,70,14,1,0,0,1,13,0,0,0,0,73,1,2,Matches,509d5b3d
261,João Gomes,br BRA,MF,Flamengo,20,2001,20.9,1027,994,32,25,5,2,11,6,1,0,0,0,892,1,18,Matches,8b57ad2c
262,Gustavo Gómez,py PAR,DF,Palmeiras,28,1993,30.0,1476,1419,56,37,2,7,12,16,0,0,0,0,1247,1,8,Matches,d5ce52a5
263,Aloísio dos Santos Gonçalves,cn CHN,FWMF,América (MG),33,1988,10.5,224,199,23,2,0,0,6,6,0,0,0,0,139,2,10,Matches,9851b2e0
264,Diego Gonçalves,br BRA,FW,Botafogo (RJ),27,1994,5.4,185,173,11,2,0,3,22,8,1,0,1,0,120,1,10,Matches,c707fc37
265,Matheus Gonçalves,br BRA,FW,Flamengo,16,2005,0.3,21,20,0,0,0,0,1,0,0,0,0,0,13,1,2,Matches,071a6836
266,Ricardo Goulart,br BRA,MFFW,Santos,30,1991,4.5,154,148,6,3,0,0,6,2,0,0,0,0,117,0,8,Matches,f053730b
267,Daniel Guedes,br BRA,DFMF,Cuiabá,27,1994,8.8,481,361,119,28,0,10,85,69,22,6,15,0,340,1,12,Matches,25f61bc3
268,Roger Guedes,br BRA,FWMF,Corinthians,25,1996,28.3,1057,995,57,14,8,18,27,22,11,5,2,0,853,5,31,Matches,612a9dd7
269,Paolo Guerrero,pe PER,FW,Avaí,38,1984,4.8,111,101,10,0,0,0,2,0,0,0,0,0,79,0,2,Matches,ae6657a1
270,Guga,br BRA,DF,Atlético Mineiro,23,1998,18.6,1181,945,235,46,0,2,78,179,10,1,8,1,934,1,21,Matches,6975a3e1
271,Marcos Guilherme,br BRA,FWMF,São Paulo,26,1995,6.4,298,272,25,1,0,1,9,23,0,0,0,0,264,1,7,Matches,d5ff6084
272,Marcos Guilherme,br BRA,MF,Santos,26,1995,0.3,15,14,1,0,0,0,1,0,1,0,1,0,12,0,0,Matches,d5ff6084
273,Gustavinho,br BRA,MF,América (MG),20,2001,4.3,178,165,12,2,0,2,14,2,7,5,0,0,123,1,10,Matches,69896b0e
274,Habraão,br BRA,DF,Fortaleza,20,2001,2.4,85,72,13,3,0,1,0,7,0,0,0,0,63,0,0,Matches,1e329d13
275,Lucas Halter,br BRA,DF,Atl Paranaense,21,2000,1.1,60,60,0,0,0,0,0,0,0,0,0,0,57,0,0,Matches,7aa882a2
276,Lucas Halter,br BRA,DF,Goiás,21,2000,11.9,408,387,20,18,1,1,2,1,0,0,0,0,325,1,5,Matches,7aa882a2
277,Hayner,br BRA,DF,Atl Goianiense,26,1995,15.3,647,513,131,10,1,3,70,119,2,0,0,0,479,3,13,Matches,246c7429
278,Heitor,br BRA,DF,Internacional,21,2000,4.4,206,163,43,8,0,0,13,35,0,0,0,0,158,0,8,Matches,e0839492
279,Thiago Heleno,br BRA,DF,Atl Paranaense,33,1988,12.7,620,597,23,23,1,15,1,0,0,0,0,0,515,0,3,Matches,827422f9
280,Helinho,br BRA,FWMF,Bragantino,21,2000,19.0,732,695,37,9,4,3,69,9,19,11,8,0,517,0,22,Matches,5837cb60
281,Henrique,br BRA,DF,Coritiba,35,1986,17.9,844,800,44,40,0,7,3,2,0,0,0,0,760,0,3,Matches,429163de
282,Arthur Henrique,br BRA,DF,Atl Goianiense,27,1994,10.7,538,450,87,11,1,1,27,75,1,0,1,0,418,1,15,Matches,ae46bd26
283,Bruno Henrique,br BRA,FWMF,Flamengo,31,1990,6.8,221,214,6,0,1,0,11,6,0,0,0,0,170,1,6,Matches,5edff24f
284,Daniel Henrique,br BRA,FW,Ceará,17,2004,0.3,3,3,0,0,0,0,0,0,0,0,0,0,3,0,0,Matches,1ef923db
285,Gustavo Henrique,br BRA,DF,Flamengo,28,1993,3.8,198,190,8,8,0,2,0,0,0,0,0,0,175,0,0,Matches,fa066690
286,Luis Henrique,br BRA,FWMF,Botafogo (RJ),20,2001,2.9,107,106,1,0,1,2,6,1,0,0,0,0,82,0,4,Matches,f36d5624
287,Luiz Henrique,br BRA,FWMF,Fluminense,21,2001,11.7,361,357,3,0,1,2,21,3,0,0,0,0,252,1,11,Matches,8059806f
288,Paulo Henrique,br BRA,DFMF,Juventude,25,1996,16.7,621,529,91,4,1,4,94,87,0,0,0,0,416,1,23,Matches,25a0cb08
289,Pedro Henrique,br BRA,DF,Atl Paranaense,26,1995,25.6,1101,1052,45,44,0,40,3,0,0,0,0,0,847,4,8,Matches,4322e5d7
290,Pedro Henrique,br BRA,FWMF,Internacional,31,1990,17.7,522,505,16,3,1,3,81,5,4,0,3,0,334,1,10,Matches,460976a2
291,Hércules,br BRA,MFFW,Fortaleza,21,2000,15.2,581,577,3,2,1,11,17,1,0,0,0,0,464,1,13,Matches,eadc7b45
292,Nicolás Hernández,co COL,DF,Atl Paranaense,24,1998,18.0,698,653,41,32,0,11,1,9,0,0,0,0,584,4,1,Matches,86046c18
293,Hugo,br BRA,DFMF,Goiás,24,1997,7.8,368,291,77,9,0,0,22,64,4,2,2,0,255,0,6,Matches,bd2593f3
294,Hugo,br BRA,DFMF,Botafogo (RJ),20,2001,12.2,605,465,139,10,1,3,35,121,8,0,8,0,438,1,28,Matches,de3dc682
295,José Hugo,br BRA,FWMF,Coritiba,22,1999,4.4,89,88,1,0,0,0,9,0,1,0,0,0,60,0,5,Matches,d0f01217
296,Victor Hugo,br BRA,MF,Flamengo,17,2004,13.9,518,510,5,4,1,1,14,0,0,0,0,0,426,3,10,Matches,33fca7f7
297,Vitor Hugo,br BRA,FW,Goiás,17,2004,0.0,3,3,0,0,0,0,0,0,0,0,0,0,1,0,0,Matches,217f53a6
298,Hulk,br BRA,FW,Atlético Mineiro,35,1986,23.2,622,540,76,11,1,7,43,4,20,7,9,1,427,6,19,Matches,33a1f72e
299,José Hurtado,ec ECU,DF,Bragantino,20,2001,6.6,349,284,65,6,0,0,33,59,0,0,0,0,271,0,6,Matches,cb067e96
300,Hyoran,br BRA,MF,Bragantino,28,1993,14.2,453,384,64,26,5,2,75,3,34,30,0,0,288,5,13,Matches,ffb88c28
301,Igor,br BRA,MFFW,Flamengo,18,2003,0.3,5,5,0,0,0,0,0,0,0,0,0,0,3,0,0,Matches,fb19d550
302,André Inácio,br BRA,FW,Flamengo,19,2002,0.5,10,9,1,0,0,0,1,0,0,0,0,0,9,0,0,Matches,cc77d69c
303,Mauricio Isla,cl CHI,DF,Flamengo,33,1988,3.8,186,159,26,2,0,0,13,24,0,0,0,0,153,1,0,Matches,de4517dd
304,Jadsom,br BRA,MF,Bragantino,20,2001,14.1,714,698,15,15,1,6,3,0,0,0,0,0,594,1,6,Matches,92859e80
305,Jadson,br BRA,MF,Juventude,28,1993,29.1,1357,1292,61,33,4,17,31,23,2,1,1,0,1115,4,23,Matches,05748af4
306,Jailson,br BRA,GK,América (MG),40,1981,12.0,315,182,131,39,0,2,0,1,0,0,0,0,211,2,0,Matches,01f7b8c3
307,Jair,br BRA,MF,Atlético Mineiro,27,1994,23.0,1101,1058,35,32,3,4,12,3,0,0,0,0,960,8,13,Matches,f3466edc
308,Jandrei,br BRA,GK,São Paulo,28,1993,18.3,686,543,139,31,0,5,0,0,0,0,0,0,488,4,0,Matches,85ea4399
309,Vinícius Jaú,br BRA,MF,Avaí,23,1998,0.1,4,4,0,0,0,0,0,0,0,0,0,0,3,0,0,Matches,192d3898
310,Pablo Javier García,uy URU,FW,Coritiba,22,1999,0.1,1,1,0,0,0,0,0,0,0,0,0,0,0,0,0,Matches,895321cd
311,Jean,br BRA,MF,Juventude,27,1994,13.1,392,375,17,15,0,12,5,0,0,0,0,0,282,0,6,Matches,69a34ec0
312,Jefferson,br BRA,DF,Atl Goianiense,25,1997,25.3,1521,1284,228,49,0,13,74,172,7,2,4,0,1224,9,10,Matches,9df5f945
313,Jefferson,br BRA,FW,Botafogo (RJ),22,1999,17.8,538,523,15,1,7,3,12,7,0,0,0,0,398,0,25,Matches,45cce300
314,Jemerson,br BRA,DF,Atlético Mineiro,29,1992,11.1,576,545,30,19,0,5,0,1,0,0,0,0,511,1,3,Matches,7cab69b5
315,Jenison,br BRA,FW,Cuiabá,30,1991,3.6,89,82,7,0,1,0,3,0,0,0,0,0,59,0,3,Matches,767e6b7f
316,Alexandre Jesus,br BRA,MFDF,Fluminense,20,2001,0.7,34,28,5,0,0,0,5,5,0,0,0,0,20,1,4,Matches,25a323f3
317,Jô,br BRA,FW,Ceará,34,1987,8.7,185,166,18,0,2,1,2,0,0,0,0,0,130,1,4,Matches,e47d11f8
318,Jô,br BRA,FW,Corinthians,34,1987,2.2,53,51,1,0,0,0,1,0,0,0,0,0,41,1,0,Matches,e47d11f8
319,Joaquim,br BRA,DF,Cuiabá,23,1998,23.9,994,919,73,41,0,13,4,30,0,0,0,0,774,2,12,Matches,69e5e199
320,John,br BRA,GK,Santos,25,1996,1.0,30,13,17,8,0,1,0,0,0,0,0,0,13,0,0,Matches,33a235af
321,Jonas,br BRA,MF,São Paulo,22,1999,0.3,10,10,0,0,0,0,2,0,0,0,0,0,9,0,0,Matches,32794a5b
322,Felipe Jonatan,br BRA,DF,Santos,23,1998,23.0,1429,1156,269,65,1,8,95,183,21,4,15,0,1124,4,26,Matches,0102ca7f
323,Jonathan,br BRA,DF,Botafogo (RJ),23,1998,0.5,35,30,5,0,0,1,0,5,0,0,0,0,32,0,0,Matches,f3f60814
324,Jorge,br BRA,DF,Palmeiras,25,1996,5.2,255,198,54,3,0,0,18,51,0,0,0,0,192,3,2,Matches,13c44fc5
325,Jorginho,br BRA,MF,Atl Goianiense,31,1991,18.2,931,836,90,29,6,15,67,5,49,20,16,0,718,5,16,Matches,1f809750
326,Jhojan Julio,ec ECU,FWMF,Santos,23,1998,9.2,293,273,20,7,0,7,21,3,9,3,2,0,229,0,5,Matches,b1fc89f5
327,Juninho,br BRA,MF,América (MG),35,1986,0.2,13,12,1,0,0,0,1,0,1,1,0,0,10,0,0,Matches,2cc16e46
328,Juninho,br BRA,MF,América (MG),34,1987,34.5,1160,1097,60,33,3,1,29,26,1,0,1,0,856,3,28,Matches,7d10ca2e
329,Renato Junior,br BRA,FWMF,Goiás,19,2002,5.5,106,98,8,0,1,0,4,0,0,0,0,0,71,0,5,Matches,80b72720
330,Jussa,br BRA,MFDF,Fortaleza,25,1996,7.0,261,244,15,12,1,1,2,3,0,0,0,0,202,2,8,Matches,883f5dc8
331,Kaiky,br BRA,DF,Santos,18,2004,1.0,40,39,1,1,0,0,0,0,0,0,0,0,34,0,0,Matches,55634fb8
332,Lucas Kal,br BRA,MF,América (MG),25,1996,24.0,944,887,51,46,2,13,3,5,0,0,0,0,702,6,16,Matches,33ed689d
333,Kanu,br BRA,DF,Botafogo (RJ),24,1997,16.1,760,728,31,29,0,3,1,2,0,0,0,0,655,1,6,Matches,fefa9b9a
334,Alan Kardec,br BRA,FWMF,Atlético Mineiro,33,1989,2.9,44,41,2,0,0,0,0,0,0,0,0,0,29,1,0,Matches,e7fba767
335,Kauan,br BRA,FW,Bragantino,18,2003,0.3,2,2,0,0,0,0,0,0,0,0,0,0,2,0,0,Matches,34375e0b
336,Kawê,br BRA,MFFW,América (MG),19,2002,0.3,5,5,0,0,0,0,1,0,0,0,0,0,5,0,0,Matches,f1bca9ec
337,Kayque,br BRA,MF,Botafogo (RJ),21,2000,3.1,112,105,7,6,2,1,2,0,0,0,0,0,87,0,1,Matches,54b980d6
338,Renato Kayser,br BRA,FW,Fortaleza,25,1996,1.8,29,25,3,0,0,1,1,0,0,0,0,0,19,1,2,Matches,c7495dda
339,Gabriel Kazu,br BRA,MF,Avaí,22,1999,0.0,5,5,0,0,0,0,0,0,0,0,0,0,5,0,0,Matches,42430d76
340,Keiller,br BRA,GK,Internacional,25,1996,15.0,359,181,178,43,0,0,0,0,0,0,0,0,238,0,0,Matches,e38fde76
341,Thalisson Kelven,br BRA,DF,Juventude,23,1998,20.0,756,722,33,24,0,2,0,7,0,0,0,0,661,1,5,Matches,18e87471
342,Kelvi,br BRA,MF,Juventude,19,2002,0.5,7,7,0,0,0,0,0,0,0,0,0,0,5,0,0,Matches,33143d85
343,Kelvin,br BRA,MFFW,Atl Goianiense,24,1997,3.4,175,158,17,3,0,0,20,4,10,4,6,0,134,0,6,Matches,b8dab818
344,Kelvyn,br BRA,FWDF,Ceará,22,1999,0.6,39,36,2,0,0,0,2,2,0,0,0,0,33,1,1,Matches,8b992778
345,John Kennedy,br BRA,FWMF,Fluminense,19,2002,1.6,28,23,4,1,0,0,1,1,0,0,0,0,19,1,2,Matches,132880e0
346,Keno,br BRA,FWMF,Atlético Mineiro,32,1989,20.6,719,649,67,4,5,10,101,7,55,33,6,0,483,3,28,Matches,98558c11
347,Kevin,br BRA,DF,Avaí,24,1997,29.2,1951,1505,441,96,2,10,184,273,69,18,45,1,1445,5,39,Matches,1f07666f
348,Khellven,br BRA,DF,Atl Paranaense,20,2001,23.4,1120,794,322,29,0,6,137,242,51,13,29,0,766,4,26,Matches,cf18ab1b
349,Willian Klaus,br BRA,DF,Atl Goianiense,28,1994,6.0,305,299,6,4,0,0,0,1,0,0,0,0,266,0,0,Matches,ddc86898
350,Willian Klaus,br BRA,DF,Botafogo (RJ),28,1994,1.0,13,11,2,2,0,0,0,0,0,0,0,0,10,0,0,Matches,ddc86898
351,Benjamín Kuscevic,cl CHI,DF,Palmeiras,25,1996,3.3,120,115,5,5,0,0,0,0,0,0,0,0,104,0,2,Matches,9edddc34
352,Gabriel Lacerda,br BRA,DF,Ceará,22,1999,20.0,842,789,48,45,0,7,6,2,0,0,0,0,669,5,11,Matches,0664b5a6
353,Anthony Landazuri,ec ECU,DF,Fortaleza,24,1997,5.8,288,233,53,6,0,2,5,47,0,0,0,0,223,2,4,Matches,b3a267f0
354,Thauan Lara,br BRA,DFFW,Internacional,18,2004,3.8,146,125,21,6,0,0,5,15,0,0,0,0,115,0,6,Matches,c4dba1f3
355,Lázaro,br BRA,FWMF,Flamengo,19,2002,9.1,332,307,23,1,1,2,23,4,13,13,0,0,246,2,8,Matches,86ff856b
356,Anderson Leite,br BRA,MF,Juventude,28,1993,0.8,30,29,1,0,0,0,1,1,0,0,0,0,26,0,0,Matches,9981c92d
357,Vinícius Leite,br BRA,MF,Avaí,28,1993,1.5,65,60,5,2,0,1,5,0,3,3,0,0,50,0,0,Matches,e991fbd7
358,Bernanrdo Lemes,br BRA,MFFW,Coritiba,20,2002,10.5,359,351,6,6,0,2,6,0,0,0,0,0,300,2,7,Matches,1ee9a3b6
359,Marcos Leonardo,br BRA,FW,Santos,18,2003,32.0,384,316,66,1,2,2,8,2,0,0,0,0,278,2,14,Matches,3f47ebce
360,Vitor Leque,br BRA,MFDF,Juventude,21,2001,0.6,22,19,3,1,0,1,1,2,0,0,0,0,17,0,1,Matches,6ba15719
361,Lima,br BRA,FWMF,Ceará,25,1996,21.5,944,834,105,51,2,2,61,25,26,8,15,1,773,5,14,Matches,d215c7de
362,Anderson Lima,br BRA,MFFW,São Paulo,22,1999,2.3,84,79,4,3,0,0,6,0,1,1,0,0,54,1,1,Matches,59be3a74
363,Lucas Lima,br BRA,DFMF,Atl Goianiense,21,2000,1.4,86,67,19,3,0,0,4,16,0,0,0,0,69,0,2,Matches,c4c45622
364,Lucas Lima,br BRA,MFFW,Fortaleza,31,1990,13.0,650,557,90,36,3,4,81,10,36,18,16,0,480,3,16,Matches,49d03337
365,Rodrigo Lindoso,br BRA,MF,Ceará,32,1989,9.6,499,470,29,28,0,11,4,0,1,1,0,0,429,0,7,Matches,7b013540
366,Liziero,br BRA,MF,Internacional,23,1998,5.6,292,270,22,10,0,0,7,9,2,0,2,0,254,0,5,Matches,318ecb8c
367,David Loiola,br BRA,DF,Ceará,19,2002,4.4,151,145,5,5,0,2,2,0,0,0,0,0,126,1,2,Matches,eddf365e
368,Marcelo Lomba,br BRA,GK,Palmeiras,35,1986,3.0,113,62,51,11,0,0,0,0,0,0,0,0,93,0,0,Matches,e4835e3c
369,Kevin Lomónaco,ar ARG,DF,Bragantino,20,2002,12.4,681,658,22,19,1,6,7,3,0,0,0,0,588,1,5,Matches,dd5ddb83
370,José López,ar ARG,FW,Palmeiras,21,2000,6.1,106,101,3,0,0,2,3,0,0,0,0,0,70,2,3,Matches,e1426a52
371,Henrique Lordelo,br BRA,MFDF,Goiás,21,2000,1.4,50,45,4,2,0,0,0,2,0,0,0,0,39,1,1,Matches,b63394ba
372,Guillermo de los Santos,uy URU,DF,Coritiba,30,1991,10.5,434,393,38,30,0,10,4,8,0,0,0,0,337,3,4,Matches,1ac629b0
373,Luan,br BRA,MF,São Paulo,22,1999,1.8,113,112,1,1,0,0,0,0,0,0,0,0,103,0,1,Matches,12a226cf
374,Luan,br BRA,MF,Goiás,31,1990,0.5,26,26,0,0,0,0,1,0,0,0,0,0,20,0,0,Matches,22fc8906
375,Lucão,br BRA,GK,Bragantino,20,2001,1.0,41,22,16,3,0,0,0,0,0,0,0,0,28,3,0,Matches,ebb5a0df
376,Lucas,br BRA,DF,Santos,20,2001,16.2,958,723,229,39,0,0,143,145,45,12,27,0,666,6,26,Matches,5d68f5b2
377,Ayrton Lucas,br BRA,DF,Flamengo,24,1997,28.4,1626,1341,283,43,1,4,64,240,0,0,0,0,1322,2,32,Matches,db90b737
378,João Lucas,br BRA,DFMF,Cuiabá,23,1998,23.8,1106,849,255,15,0,4,84,240,0,0,0,0,719,2,51,Matches,289dc81e
379,Luciano,br BRA,FW,São Paulo,28,1993,22.6,764,738,21,14,2,17,5,5,0,0,0,0,640,5,13,Matches,24ce161c
380,André Luis,br BRA,FWMF,Cuiabá,24,1997,20.4,440,414,26,3,1,0,19,15,2,0,0,0,349,0,8,Matches,821097f7
381,Filipe Luís,br BRA,DF,Flamengo,36,1985,7.1,573,508,64,26,0,9,23,38,0,0,0,0,526,1,7,Matches,e4ed2628
382,Victor Luis,br BRA,DF,Ceará,28,1993,15.7,940,758,176,46,0,2,57,117,13,0,13,0,762,6,15,Matches,cc68c4d3
383,David Luiz,br BRA,DF,Flamengo,34,1987,15.8,1038,979,56,47,2,4,6,3,0,0,0,0,920,3,2,Matches,c0e27d1a
384,Luizão,br BRA,DF,São Paulo,19,2002,11.0,534,488,45,16,0,5,1,17,0,0,0,0,467,1,5,Matches,fb02fba4
385,Vinícius Machado,br BRA,GK,Ceará,21,2000,2.0,36,25,11,0,0,0,0,0,0,0,0,0,28,0,0,Matches,0d9b2e53
386,Mádson,br BRA,DF,Santos,30,1992,23.8,1047,839,208,16,0,4,55,192,0,0,0,0,806,0,21,Matches,766094be
387,Maguinho,br BRA,DFMF,Goiás,29,1993,21.6,737,566,171,8,1,4,41,163,0,0,0,0,523,0,24,Matches,d1c855c5
388,Gustavo Maia,br BRA,FW,Internacional,21,2001,0.2,7,7,0,0,0,0,2,0,0,0,0,0,5,0,0,Matches,b36fed1d
389,Leonardo Maia,br BRA,MF,Bragantino,18,2003,0.3,,,,,,,0,,,,,,,,,Matches,a6f491e2
390,Pablo Maia,br BRA,MF,São Paulo,20,2002,22.8,1389,1349,39,35,0,24,8,4,0,0,0,0,1244,1,15,Matches,3a243771
391,Thiago Maia,br BRA,MF,Flamengo,24,1997,17.2,1156,1118,35,27,2,5,3,8,0,0,0,0,1046,3,11,Matches,91e58f66
392,Maicon,br BRA,DF,Santos,33,1988,21.3,1043,977,64,62,0,27,16,2,0,0,0,0,850,2,3,Matches,2a8683b9
393,Iago Maidana,br BRA,DF,América (MG),25,1996,11.5,374,359,13,12,0,5,0,0,0,0,0,0,286,2,1,Matches,e65a5924
394,Léo Mana,br BRA,DF,Corinthians,17,2004,0.5,23,19,4,0,0,0,1,4,0,0,0,0,16,0,2,Matches,d7a180bc
395,Alef Manga,br BRA,FWMF,Coritiba,27,1994,27.0,761,750,10,1,2,11,87,8,0,0,0,0,536,1,23,Matches,559782c4
396,Manoel,br BRA,DF,Fluminense,31,1990,27.2,1677,1561,115,103,0,14,5,11,0,0,0,0,1508,1,5,Matches,12748e35
397,Gustavo Mantuan,br BRA,FWDF,Corinthians,20,2001,9.6,407,369,38,5,3,5,24,32,1,0,1,0,315,0,13,Matches,0d717632
398,Luis Manuel Orejuela,co COL,DF,Atl Paranaense,26,1995,13.0,530,398,132,5,0,3,37,127,0,0,0,0,399,0,7,Matches,e6a6379d
399,Maranhão,br BRA,FW,Botafogo (RJ),19,2002,1.0,,,,,,,2,,,,,,,,,Matches,617f236c
400,Willian Maranhão,br BRA,MFDF,Atl Goianiense,26,1995,14.8,587,565,22,19,0,8,3,3,0,0,0,0,496,0,8,Matches,f1d95c74
401,Willian Maranhão,br BRA,MF,Santos,26,1995,1.8,55,54,1,1,0,0,0,0,0,0,0,0,44,0,2,Matches,f1d95c74
402,Fernando Marçal,br BRA,DF,Botafogo (RJ),32,1989,17.1,1122,828,288,64,0,4,124,167,57,3,53,0,854,6,16,Matches,9ae9eaea
403,Marcelo,br BRA,DF,Fortaleza,26,1996,29.0,963,904,55,50,1,2,4,2,0,0,0,0,770,4,13,Matches,300b455d
404,Marcinho,br BRA,FWMF,Avaí,26,1995,5.8,224,209,15,3,1,3,14,7,5,1,2,0,186,0,1,Matches,5465c7f9
405,Mariano,br BRA,DF,Atlético Mineiro,35,1986,19.2,1213,1009,200,27,3,13,78,167,6,0,6,0,978,4,11,Matches,e26f559f
406,Marinho,br BRA,FW,Flamengo,31,1990,15.3,497,427,69,13,3,3,94,5,51,37,12,0,342,1,21,Matches,c077c735
407,Rodriguinho Marinho,br BRA,FWMF,Cuiabá,33,1988,16.5,432,413,15,2,1,6,8,1,0,0,0,0,332,4,11,Matches,0e335a47
408,Marlon,br BRA,DF,América (MG),27,1994,24.3,1165,901,261,41,3,3,71,216,4,0,4,0,883,3,28,Matches,a87b508e
409,Marlon,br BRA,DF,Fluminense,24,1997,3.0,123,95,27,1,0,3,15,19,6,1,4,0,75,1,2,Matches,63969d01
410,Marlon,br BRA,MFFW,Juventude,31,1990,4.5,155,137,18,9,0,1,10,1,7,2,3,0,121,0,2,Matches,455c6130
411,Marlos,ua UKR,MFFW,Atl Paranaense,33,1988,1.7,89,79,8,3,1,1,4,1,3,2,1,0,69,2,3,Matches,9139bb12
412,Felipe Marques,br BRA,FWMF,Cuiabá,32,1990,10.6,307,306,1,0,1,2,38,1,0,0,0,0,230,0,13,Matches,30139a1c
413,Gustavo Marques,br BRA,DF,América (MG),20,2001,0.5,11,11,0,0,0,0,0,0,0,0,0,0,6,0,0,Matches,b4fce835
414,Marquinhos,br BRA,MF,São Paulo,18,2003,0.3,12,12,0,0,0,1,1,0,0,0,0,0,11,0,0,Matches,59878425
415,Marquinhos,br BRA,FWMF,Cuiabá,25,1997,2.2,76,73,3,1,0,0,4,1,0,0,0,0,53,0,4,Matches,a9c95220
416,Marrony,br BRA,FWMF,Fluminense,22,1999,2.0,90,89,1,1,1,0,5,0,0,0,0,0,69,0,5,Matches,1dff86ec
417,Matheus Martinelli,br BRA,MF,Fluminense,20,2001,18.0,1365,1317,44,31,4,5,13,13,0,0,0,0,1193,4,21,Matches,2b124c8c
418,Adrián Martínez,ar ARG,FWMF,Coritiba,29,1992,11.1,186,169,16,1,0,0,4,2,0,0,0,0,120,1,9,Matches,6c513f98
419,Matheus Martins,br BRA,FWMF,Fluminense,18,2003,17.8,665,653,12,3,3,3,52,0,9,6,2,0,524,0,27,Matches,73fd2787
420,Wellington Martins,br BRA,MF,Fluminense,31,1991,7.0,411,384,25,25,1,2,3,0,0,0,0,0,350,2,7,Matches,0430d656
421,Gonzalo Mastriani,uy URU,FW,América (MG),28,1993,5.2,80,70,9,0,0,0,1,0,0,0,0,0,59,1,1,Matches,b4339e2b
422,Mateusão,br BRA,FWMF,Flamengo,17,2004,2.5,45,42,2,0,0,0,2,0,0,0,0,0,27,1,1,Matches,78bee906
423,William Matheus,br BRA,DF,Juventude,31,1990,10.1,495,381,113,17,0,2,16,96,0,0,0,0,369,1,10,Matches,3498ddf4
424,Matheusinho,br BRA,MFFW,América (MG),23,1998,15.3,587,560,24,3,4,2,46,7,14,2,7,0,430,3,22,Matches,74f5a96d
425,Matheuzinho,br BRA,DF,Flamengo,21,2000,23.9,1407,1216,190,24,0,16,71,165,1,0,1,0,1173,1,27,Matches,2a5bc0cd
426,Diego Matos,br BRA,DF,Avaí,25,1997,1.2,62,52,10,0,0,0,2,10,0,0,0,0,40,0,0,Matches,4b799458
427,Mauricio,br BRA,FWMF,Internacional,20,2001,17.4,696,668,25,5,4,4,43,12,7,7,0,0,527,3,28,Matches,bf4cbc22
428,Maycon,br BRA,MF,Corinthians,24,1997,8.8,524,477,45,15,1,6,35,4,25,11,9,0,438,2,11,Matches,005ca692
429,Mayke,br BRA,DFFW,Palmeiras,29,1992,16.3,919,793,119,15,1,1,57,102,2,1,0,0,737,7,20,Matches,47431289
430,Bruno Melo,br BRA,DFMF,Corinthians,29,1992,4.9,253,226,26,3,0,1,10,23,0,0,0,0,201,1,5,Matches,41ee21ae
431,Felipe Melo,br BRA,DFMF,Fluminense,38,1983,8.1,476,456,20,20,0,12,0,0,0,0,0,0,396,0,5,Matches,b14d84d3
432,Darlan Mendes,br BRA,MFFW,Juventude,23,1998,1.3,79,74,5,4,0,1,2,0,1,0,1,0,66,0,1,Matches,a86f0d7b
433,Vitor Mendes,br BRA,DF,Juventude,22,1999,18.3,793,762,31,27,0,2,0,3,0,0,0,0,651,0,8,Matches,3cdbeab9
434,Bruno Méndez,uy URU,DF,Internacional,22,1999,4.8,218,208,9,5,0,2,1,3,0,0,0,0,180,1,4,Matches,66017b9d
435,Bruno Méndez,uy URU,DF,Corinthians,22,1999,12.6,717,617,99,11,0,2,11,88,0,0,0,0,557,1,6,Matches,66017b9d
436,Stiven Mendoza,co COL,FW,Ceará,29,1992,25.9,685,667,14,5,2,7,53,7,1,0,0,0,503,4,23,Matches,e68f2cb4
437,Ramon Menezes Roma,br BRA,DF,Atl Goianiense,26,1995,14.0,722,712,10,9,0,6,0,1,0,0,0,0,655,0,2,Matches,eab48ffb
438,Gabriel Menino,br BRA,MF,Palmeiras,21,2000,10.2,634,587,44,23,1,13,39,3,18,5,10,0,516,3,10,Matches,01819e70
439,Gabriel Mercado,ar ARG,DF,Internacional,34,1987,23.6,1029,982,45,40,0,3,4,4,0,0,0,0,923,2,7,Matches,bf97c188
440,John Mercado,ec ECU,FW,Atl Paranaense,19,2002,0.0,5,5,0,0,0,0,1,0,0,0,0,0,3,0,0,Matches,d97831ad
441,Miguel Merentiel,uy URU,FWMF,Palmeiras,25,1996,2.6,47,43,3,0,0,0,1,0,0,0,0,0,35,1,2,Matches,307224a2
442,Messias,br BRA,DF,Ceará,27,1994,23.0,768,746,20,20,0,5,1,0,0,0,0,0,594,2,5,Matches,70bb3170
443,Lucas Mezenga,br BRA,DF,Botafogo (RJ),20,2001,3.1,157,143,14,2,0,1,0,12,0,0,0,0,119,0,0,Matches,d62f5849
444,Michel,br BRA,DF,Ceará,31,1990,11.8,573,468,103,6,0,0,34,97,0,0,0,0,450,2,9,Matches,05384ea1
445,Carlos Miguel,br BRA,GK,Corinthians,23,1998,2.0,56,30,26,3,0,0,0,0,0,0,0,0,29,0,0,Matches,84454067
446,Fernando Miguel,br BRA,GK,Fortaleza,36,1985,20.0,488,270,215,54,0,0,0,0,0,0,0,0,318,3,1,Matches,f1f06658
447,Miranda,br BRA,DF,São Paulo,37,1984,12.8,622,562,60,34,0,1,0,2,0,0,0,0,547,0,2,Matches,314f2124
448,Paulo Miranda,br BRA,DF,Juventude,33,1988,16.4,768,729,37,36,0,4,0,0,0,0,0,0,653,2,1,Matches,93a194e1
449,Paulinho Moccelin,br BRA,MFFW,Juventude,27,1994,4.3,114,96,15,4,1,1,14,4,7,2,4,0,57,3,7,Matches,d63fb6a8
450,Moisés,br BRA,DF,Internacional,26,1995,6.5,331,279,51,8,0,0,15,43,0,0,0,0,267,1,5,Matches,a40af810
451,Moises,br BRA,FWMF,Fortaleza,25,1996,25.0,584,543,39,4,4,7,27,18,11,9,2,0,421,2,22,Matches,ddd07a25
452,Rodrigo Moledo,br BRA,DF,Internacional,34,1987,13.5,522,501,20,20,0,1,0,0,0,0,0,0,456,1,2,Matches,ce536c37
453,Jacob Montes,us USA,MF,Botafogo (RJ),23,1998,1.0,25,25,0,0,0,0,0,0,0,0,0,0,22,0,2,Matches,69678c84
454,Moraes,br BRA,DFMF,Juventude,24,1997,15.2,701,556,142,10,0,3,53,118,14,1,9,0,494,3,23,Matches,9b974a99
455,Airton Moraes,br BRA,GK,América (MG),27,1994,1.0,30,19,10,1,0,0,0,0,0,0,0,0,18,1,0,Matches,5e8682b0
456,Júnior Moraes,ua UKR,FW,Corinthians,34,1987,4.5,73,68,5,0,0,0,2,0,0,0,0,0,56,0,1,Matches,c43e5e7e
457,Wesley Moraes,br BRA,FW,Internacional,25,1996,3.3,88,82,6,0,1,0,0,0,0,0,0,0,67,0,2,Matches,bfae110f
458,Morato,br BRA,FWMF,Avaí,29,1992,7.3,214,206,6,2,1,1,5,1,3,0,0,0,168,2,7,Matches,96b49b3b
459,João Moreira,pt POR,DF,São Paulo,17,2004,3.2,176,162,14,1,0,0,8,13,0,0,0,0,154,0,4,Matches,b3be99e3
460,Lucas Moreira,br BRA,MFFW,Cuiabá,21,2000,1.4,67,62,5,1,0,0,3,3,1,0,0,0,50,0,3,Matches,b9d412ff
461,Gustavo Mosquito,br BRA,FWMF,Corinthians,24,1997,12.6,394,367,25,4,0,1,51,4,17,3,12,0,287,2,11,Matches,c9ed46c4
462,Hugo Moura,br BRA,MF,Atl Paranaense,24,1998,19.4,779,753,25,22,1,13,8,2,1,0,0,0,643,1,17,Matches,14100165
463,Alex Muralha,br BRA,GK,Coritiba,32,1989,19.0,497,275,218,40,0,0,0,0,0,0,0,0,341,4,0,Matches,38082f12
464,Muriqui,br BRA,FWMF,Avaí,35,1986,14.3,376,363,11,2,2,3,12,3,1,0,0,0,277,2,9,Matches,a55ac46c
465,Andrey Ramos do Nascimento,br BRA,MF,Coritiba,23,1998,5.4,283,273,9,8,0,5,8,1,0,0,0,0,247,1,2,Matches,eb55ab5a
466,Matheus Nascimento,br BRA,FWMF,Botafogo (RJ),17,2004,6.8,127,121,6,0,0,1,1,0,0,0,0,0,83,0,8,Matches,e744c3de
467,Natan,br BRA,DF,Bragantino,20,2001,32.0,1515,1447,66,61,0,30,9,5,0,0,0,0,1323,2,3,Matches,94bccc82
468,Natanael,br BRA,DF,Coritiba,20,2002,16.0,678,510,167,6,0,3,43,161,0,0,0,0,514,1,20,Matches,0b618504
469,Natanael,br BRA,DFFW,Avaí,31,1990,13.4,537,418,118,31,1,7,106,56,31,16,11,0,345,1,10,Matches,ed560575
470,Léo Natel,br BRA,FW,Corinthians,24,1997,0.3,14,13,1,1,0,0,2,0,0,0,0,0,8,0,1,Matches,cd8d04a2
471,Nathan,br BRA,DF,Santos,20,2001,6.9,352,284,67,5,0,1,9,62,0,0,0,0,297,1,11,Matches,9fb6420e
472,Nathan,br BRA,MF,Goiás,20,2001,0.0,3,3,0,0,0,0,0,0,0,0,0,0,3,0,0,Matches,eb61284b
473,Nathan,br BRA,MFFW,Fluminense,25,1996,10.7,558,513,43,6,4,1,57,4,32,15,7,0,431,2,11,Matches,fa00f0c9
474,Nathan,br BRA,DF,Coritiba,19,2002,5.0,224,169,55,8,0,0,5,47,0,0,0,0,159,0,5,Matches,c5aa7b35
475,Nathan,br BRA,FWMF,Avaí,22,1999,1.1,21,20,1,0,0,0,0,0,0,0,0,0,16,0,1,Matches,e0d5a5e9
476,Rafael Navarro,br BRA,FWMF,Palmeiras,21,2000,8.0,111,103,6,0,1,0,6,0,0,0,0,0,67,2,9,Matches,4b5ab509
477,Kaiky Naves,br BRA,DFMF,Palmeiras,19,2002,0.4,19,17,2,2,0,0,0,0,0,0,0,0,18,0,0,Matches,621576f9
478,Bruno Nazário,br BRA,MF,Juventude,26,1995,6.5,293,247,44,15,2,7,46,3,25,8,15,0,199,2,13,Matches,dc1d79a5
479,Neílton,br BRA,FWDF,Coritiba,27,1994,0.9,39,37,2,1,2,0,4,1,0,0,0,0,31,0,0,Matches,689299a6
480,Gabriel Neris,br BRA,MF,Juventude,20,2001,2.4,69,65,4,3,0,1,2,0,0,0,0,0,57,0,2,Matches,54fe5551
481,Gustavo Nescau,br BRA,FW,Cuiabá,21,2000,0.3,3,3,0,0,0,0,0,0,0,0,0,0,1,0,0,Matches,0682693b
482,Rodrigo Nestor,br BRA,MF,São Paulo,21,2000,23.6,1045,963,79,30,5,3,87,7,40,28,6,0,816,3,26,Matches,c04ebe99
483,Gabriel Neves,uy URU,MF,São Paulo,24,1997,6.3,419,402,16,16,0,4,0,0,0,0,0,0,369,1,5,Matches,2a03fb5f
484,Nicolas,br BRA,FWMF,Goiás,32,1989,11.1,290,276,12,1,1,2,2,1,0,0,0,0,183,2,7,Matches,0e74a520
485,Nikão,br BRA,FWMF,São Paulo,29,1992,5.8,283,248,34,5,0,9,36,1,24,12,9,0,224,1,10,Matches,a34bb194
486,Nino,br BRA,DF,Fluminense,24,1997,27.9,1595,1529,65,60,1,19,1,3,0,0,0,0,1442,1,10,Matches,d4fa2207
487,Gabriel Noga,br BRA,DF,Atl Goianiense,20,2002,0.0,,,,,,,0,,,,,,,,,Matches,aa306af5
488,Ygor Nogueira,br BRA,DF,Juventude,26,1995,5.0,225,219,5,5,0,0,0,0,0,0,0,0,188,1,2,Matches,38466ef3
489,Nonato,br BRA,MF,Fluminense,23,1998,12.1,970,932,36,19,2,2,38,5,12,4,6,0,832,2,13,Matches,b91a6912
490,Nonoca,br BRA,MF,Avaí,23,1998,11.5,503,488,15,15,0,1,1,0,0,0,0,0,441,0,7,Matches,06c062d4
491,Gabriel Novaes,br BRA,FWMF,Bragantino,22,1999,4.3,73,66,7,0,0,0,2,0,0,0,0,0,56,0,4,Matches,297a324a
492,Thales Oleques,br BRA,DF,Avaí,27,1994,6.2,282,214,67,11,0,0,21,56,0,0,0,0,202,1,5,Matches,a30f8286
493,Bruno Oliveira,br BRA,MFFW,Santos,23,1998,5.0,257,221,34,13,4,3,33,2,19,13,3,0,196,2,2,Matches,d46904eb
494,Yuri Oliveira Lima,br BRA,MF,Juventude,27,1994,16.8,877,843,33,28,4,2,6,4,0,0,0,0,744,1,7,Matches,bcf3d64e
495,Pedro Oliveira,br BRA,MFFW,Goiás,17,2004,3.3,105,98,7,2,0,0,10,4,0,0,0,0,76,0,4,Matches,089b56d8
496,Leo Ortiz,br BRA,DF,Bragantino,26,1996,21.4,1197,1129,62,58,0,47,13,4,0,0,0,0,1011,6,12,Matches,53834fa2
497,Kelvin Osorio,co COL,MFDF,Cuiabá,28,1993,10.5,489,400,87,22,1,0,71,41,20,8,9,0,352,2,13,Matches,1247ace9
498,Otávio,br BRA,MF,Atlético Mineiro,27,1994,12.9,892,861,30,27,0,2,5,3,0,0,0,0,812,1,4,Matches,243f4a0b
499,Luiz Otávio,br BRA,DF,Ceará,33,1988,21.2,806,770,31,29,0,8,1,2,0,0,0,0,674,5,6,Matches,ed976dd9
500,Rómulo Otero,ve VEN,MFFW,Fortaleza,29,1992,2.6,122,88,33,13,0,1,30,2,18,10,8,0,80,1,2,Matches,96fdc3c0
501,Luis Oyama,br BRA,MF,Botafogo (RJ),25,1997,12.0,580,559,18,16,3,7,1,2,0,0,0,0,472,3,5,Matches,ed0c094b
502,Pablo,br BRA,FW,Atl Paranaense,29,1992,16.6,384,351,29,2,1,2,5,9,1,0,0,0,268,4,14,Matches,1ad394c5
503,Pablo,br BRA,DF,Flamengo,30,1991,21.6,1193,1134,56,49,0,8,1,2,0,0,0,0,1067,3,8,Matches,29d8ad3f
504,Juan Pablo,br BRA,DFMF,Goiás,19,2002,1.9,70,48,22,2,0,0,2,20,0,0,0,0,50,0,2,Matches,f40465af
505,Juan Pablo Ramírez,co COL,MFFW,América (MG),24,1997,4.5,199,168,31,11,0,2,8,8,8,2,4,0,153,0,3,Matches,20a17a29
506,Bruno Pacheco,br BRA,DF,Ceará,30,1991,26.1,,,,,,,66,,,,,,,,,Matches,9b7976e6
507,Igor Paixão,br BRA,FWMF,Coritiba,21,2000,17.2,493,425,66,9,1,5,83,2,55,24,18,0,339,2,13,Matches,089c7323
508,Pará,br BRA,MF,Juventude,19,2002,0.9,37,37,0,0,0,0,0,0,0,0,0,0,29,0,1,Matches,5b1cd0cc
509,Nino Paraíba,br BRA,DF,Ceará,36,1986,24.6,1212,962,246,32,3,8,174,210,4,0,4,0,839,4,44,Matches,403ef062
510,Guilherme Parede,br BRA,FWMF,Juventude,26,1995,6.6,,,,,,,28,,,,,,,,,Matches,2da1c94c
511,Weslley Patati,br BRA,FW,Santos,18,2003,0.2,,,,,,,0,,,,,,,,,Matches,0df16cd7
512,Patrick,br BRA,MFFW,São Paulo,29,1992,21.8,759,747,8,5,1,5,62,3,0,0,0,0,591,4,33,Matches,92add14e
513,Alan Patrick,br BRA,MFFW,Internacional,30,1991,17.5,880,798,79,35,7,4,56,2,40,19,17,1,735,3,14,Matches,00672021
514,Luan Patrick,br BRA,DF,América (MG),20,2002,9.0,335,314,21,8,0,3,12,13,0,0,0,0,274,0,2,Matches,dd5d1c85
515,Patryck,br BRA,DF,São Paulo,19,2003,0.3,15,13,2,0,0,0,0,2,0,0,0,0,8,0,0,Matches,8dcbd7af
516,Giuliano de Paula,br BRA,MF,Corinthians,31,1990,18.4,1077,1016,59,20,1,0,18,5,14,8,5,0,944,2,10,Matches,ab1b205d
517,Patrick de Paula,br BRA,MF,Botafogo (RJ),22,1999,11.3,463,414,45,40,1,6,14,1,4,3,1,0,354,4,4,Matches,9f12fbb7
518,Paulão,br BRA,DF,Cuiabá,35,1986,8.0,254,225,29,25,0,2,3,0,0,0,0,0,198,0,1,Matches,20587790
519,Paulinho,br BRA,FWMF,América (MG),23,1998,3.2,78,57,20,4,0,1,12,0,13,1,4,0,50,1,3,Matches,bc486f0e
520,Paulinho,br BRA,MF,Corinthians,33,1988,1.8,90,85,5,2,1,0,0,0,0,0,0,0,84,0,0,Matches,bb7337cc
521,Caio Paulista,br BRA,DF,Fluminense,23,1998,17.9,944,805,135,2,1,1,42,133,0,0,0,0,787,4,26,Matches,701bb051
522,Wellington Paulista,br BRA,FW,América (MG),37,1984,5.7,118,110,7,0,1,2,3,2,0,0,0,0,76,1,4,Matches,f2eece5b
523,João Paulo,br BRA,DF,América (MG),35,1986,3.9,183,139,43,8,0,1,21,32,3,1,2,0,132,1,3,Matches,ce208556
524,João Paulo,br BRA,GK,Santos,26,1995,37.0,962,562,395,90,0,3,0,0,0,0,0,0,686,5,0,Matches,d0102ca0
525,Marcos Paulo,br BRA,DF,Flamengo,19,2003,0.3,23,15,8,2,0,0,0,6,0,0,0,0,13,0,2,Matches,4dd6bb79
526,Cristian Pavón,ar ARG,FWMF,Atlético Mineiro,26,1996,7.7,338,325,13,2,1,7,31,7,4,0,2,0,256,0,12,Matches,a664b026
527,Pedrinho,br BRA,FWMF,América (MG),22,1999,10.8,330,315,12,0,1,7,26,5,7,3,2,0,230,3,14,Matches,035341ba
528,Pedrinho,br BRA,DFFW,Atl Paranaense,19,2002,15.4,663,529,134,6,1,6,49,117,11,4,5,0,474,0,12,Matches,64aadf6b
529,Pedrinho,br BRA,MFFW,Atlético Mineiro,23,1998,2.5,146,141,5,1,1,0,7,1,3,2,1,0,118,0,2,Matches,6796e284
530,Pedrinho,br BRA,FW,Flamengo,18,2003,0.1,3,3,0,0,0,0,0,0,0,0,0,0,3,0,0,Matches,118d25ee
531,Pedro,br BRA,FW,Flamengo,24,1997,13.0,188,178,10,0,3,0,3,1,0,0,0,0,135,0,6,Matches,1ab6fad3
532,João Pedro,br BRA,DFFW,Corinthians,25,1996,1.3,46,36,10,0,0,0,0,10,0,0,0,0,30,0,2,Matches,31d1ed52
533,João Pedro Pepê,br BRA,MF,Cuiabá,24,1998,25.8,1188,1115,70,29,6,17,73,4,37,11,24,0,975,3,21,Matches,d75471eb
534,Peglow,br BRA,FWMF,Atl Goianiense,20,2002,2.6,112,98,13,3,0,0,14,2,8,3,2,0,88,1,3,Matches,8a861bc5
535,Pegorari,br BRA,GK,Juventude,30,1991,12.7,385,225,159,31,0,2,0,0,0,0,0,0,286,1,0,Matches,2ad9d2e3
536,Matheus Peixoto,br BRA,FW,Ceará,26,1995,5.2,100,91,8,0,0,0,1,2,0,0,0,0,63,1,6,Matches,05160796
537,Douglas Pelé,br BRA,FWDF,Goiás,22,1999,1.0,18,15,3,1,0,0,3,1,1,0,1,0,13,0,2,Matches,7c6ac38f
538,Léo Pelé,br BRA,DF,São Paulo,25,1996,27.6,1591,1528,59,41,0,11,9,18,0,0,0,0,1386,4,10,Matches,77980eb9
539,Carlos de Pena,uy URU,MFFW,Internacional,29,1992,29.3,1735,1545,180,67,5,23,177,24,89,29,52,0,1272,10,31,Matches,6b915aa1
540,Andreas Pereira,br BRA,MF,Flamengo,26,1996,8.8,464,408,53,32,2,6,51,3,17,8,5,0,347,3,8,Matches,6639e500
541,Egídio Pereira Júnior,br BRA,DFMF,Coritiba,35,1986,14.0,772,614,156,37,0,7,117,98,19,5,9,0,564,2,22,Matches,6c5b3d31
542,Léo Pereira,br BRA,DF,Flamengo,26,1996,12.4,916,878,38,25,1,6,6,13,0,0,0,0,827,0,4,Matches,bd247251
543,Hernán Pérez,py PAR,FW,Coritiba,32,1989,1.1,32,31,1,0,0,0,4,0,1,0,0,0,18,0,2,Matches,e1cea3f7
544,Lucas Perri,br BRA,GK,Botafogo (RJ),24,1997,3.8,117,69,46,15,0,0,0,0,0,0,0,0,69,2,0,Matches,5dbd461a
545,Petterson,br BRA,FWMF,Flamengo,18,2004,0.3,8,7,1,0,0,0,1,0,0,0,0,0,7,0,0,Matches,9943597e
546,Yan Phillipe,br BRA,FW,Atlético Mineiro,17,2004,0.2,13,13,0,0,0,0,1,0,0,0,0,0,10,0,1,Matches,03d01a35
547,Lucas Piazon,br BRA,FWMF,Botafogo (RJ),28,1994,8.3,305,275,27,12,0,0,23,4,10,3,7,0,240,3,6,Matches,f201798c
548,Yago Pikachu,br BRA,DFMF,Fortaleza,29,1992,13.4,510,436,70,17,0,7,48,33,20,11,8,1,378,4,16,Matches,462f1e13
549,Mario Pineida,ec ECU,DF,Fluminense,29,1992,3.7,217,179,38,3,1,0,9,35,0,0,0,0,184,0,3,Matches,2990a468
550,Joaquín Piquerez,uy URU,DF,Palmeiras,23,1998,24.7,1316,1095,218,37,1,12,54,181,0,0,0,0,1081,3,34,Matches,46009f44
551,Gabriel Pirani,br BRA,FWMF,Santos,19,2002,0.5,19,18,1,1,0,0,2,0,0,0,0,0,12,0,0,Matches,17205abf
552,Gabriel Pirani,br BRA,MFFW,Cuiabá,19,2002,4.9,134,128,5,0,0,0,14,2,3,2,1,0,99,1,10,Matches,17205abf
553,Felipe Pires,br BRA,MFFW,Juventude,26,1995,7.4,243,214,28,2,0,1,9,22,3,0,0,0,204,1,3,Matches,2cd3d3ce
554,Rafael Pires,br BRA,GK,Atlético Mineiro,32,1989,1.0,18,14,4,0,0,0,0,0,0,0,0,0,17,0,0,Matches,539f6761
555,Lucas Piton,br BRA,DFFW,Corinthians,21,2000,19.7,1157,945,209,25,0,10,86,181,3,1,1,0,902,3,37,Matches,defce7f1
556,Isidro Pitta,py PAR,FW,Juventude,22,1999,26.8,522,457,64,1,0,3,31,4,0,0,0,0,361,1,23,Matches,e9fc7295
557,Luan Polli,br BRA,GK,Atl Goianiense,28,1993,2.0,61,36,25,6,0,0,0,0,0,0,0,0,50,0,0,Matches,96aa89c4
558,Diego Porfirio,br BRA,DF,Coritiba,22,1999,5.0,238,179,57,3,0,1,11,54,0,0,0,0,184,2,7,Matches,8512d219
559,William Pottker,br BRA,FWMF,Avaí,28,1993,21.9,755,728,24,3,5,7,55,9,8,2,0,0,579,3,20,Matches,214a16c5
560,Bruno Praxedes,br BRA,MF,Bragantino,19,2002,6.5,268,253,13,5,1,3,13,0,8,6,0,0,227,2,2,Matches,5dd520a8
561,Erick Pulgar,cl CHI,MF,Flamengo,28,1994,3.9,283,266,17,11,1,2,9,2,4,0,3,0,241,0,4,Matches,4611e028
562,Jean Pyerre,br BRA,MF,Avaí,23,1998,8.4,611,570,40,14,3,2,26,4,22,10,6,0,510,1,4,Matches,b41dc073
563,Du Queiroz,br BRA,MF,Corinthians,22,2000,28.9,1444,1422,19,13,1,14,26,6,0,0,0,0,1239,3,24,Matches,8440b0cb
564,Igor Rabello,br BRA,DF,Atlético Mineiro,26,1995,6.7,411,395,15,10,0,3,0,1,0,0,0,0,375,1,2,Matches,48048864
565,Rafael,br BRA,DF,Botafogo (RJ),31,1990,3.1,154,121,33,4,0,1,9,26,3,0,3,0,132,0,1,Matches,9a1f2e1c
566,Caio Rafael,br BRA,FW,Ceará,17,2004,0.4,12,11,1,0,0,0,0,0,1,0,0,0,10,0,0,Matches,b7cda839
567,Léo Rafael,br BRA,FWMF,Ceará,20,2001,1.0,55,54,1,0,0,0,3,0,1,0,1,0,47,0,1,Matches,ef1df474
568,Zé Rafael,br BRA,MF,Palmeiras,28,1993,28.5,1209,1145,59,44,5,16,13,4,0,0,0,0,1051,5,16,Matches,634b1413
569,Rafinha,br BRA,DF,São Paulo,36,1985,28.5,2069,1820,243,68,1,28,30,175,0,0,0,0,1819,6,19,Matches,d003e213
570,Eric Ramires,br BRA,MFFW,Bragantino,21,2000,12.9,539,516,22,14,1,4,13,5,0,0,0,0,461,1,9,Matches,37faa4cb
571,Lucas Ramires,br BRA,DF,Juventude,19,2002,0.3,12,12,0,0,0,0,0,0,0,0,0,0,8,0,1,Matches,32395c13
572,Ramon,br BRA,DF,Bragantino,20,2001,8.0,435,347,86,10,0,3,32,68,8,1,7,0,309,2,10,Matches,fdf88bc0
573,Lucas Ramos,br BRA,MFFW,Internacional,21,2001,0.9,32,32,0,0,0,0,1,0,0,0,0,0,28,0,1,Matches,c0163100
574,Rafael Ramos,pt POR,DF,Corinthians,27,1995,14.5,873,721,152,12,0,0,36,138,2,0,1,0,667,0,24,Matches,f8ddf51c
575,Raniele,br BRA,MFDF,Avaí,25,1996,31.3,1543,1456,79,76,3,12,13,3,0,0,0,0,1194,8,39,Matches,a025365f
576,Wellington Rato,br BRA,FWMF,Atl Goianiense,29,1992,30.9,1209,1098,108,30,3,33,115,18,48,23,13,0,903,3,30,Matches,598917cf
577,Raul,br BRA,MF,Bragantino,25,1996,27.5,1557,1476,81,70,2,29,9,11,0,0,0,0,1323,0,17,Matches,c2f9cf65
578,Pedro Raul,br BRA,FW,Goiás,25,1996,30.5,474,445,25,0,1,1,7,1,0,0,0,0,302,4,14,Matches,ed074559
579,Leonardo Realpe,ec ECU,DF,Bragantino,20,2001,7.4,352,336,15,14,1,7,2,1,0,0,0,0,310,1,1,Matches,57701cbd
580,Rafinha Rech,br BRA,FWMF,Juventude,19,2002,4.2,118,118,0,0,0,0,5,0,0,0,0,0,92,0,5,Matches,a8f19786
581,Régis,br BRA,MF,Coritiba,29,1992,8.5,268,220,47,16,0,1,28,2,27,14,5,0,206,1,8,Matches,0e2331f3
582,Reinaldo,br BRA,DFFW,São Paulo,32,1989,16.3,897,636,257,26,2,18,138,169,62,8,53,0,608,4,24,Matches,ab3edc87
583,César Reis,br BRA,GK,Juventude,26,1995,24.3,715,437,276,46,0,0,0,0,0,0,0,0,518,2,1,Matches,76d4135b
584,Renan,br BRA,DF,Bragantino,19,2002,3.2,140,129,11,7,0,1,0,4,0,0,0,0,111,0,3,Matches,80c738be
585,Robert Renan,br BRA,DF,Corinthians,18,2003,10.0,518,503,12,12,0,6,0,0,0,0,0,0,439,3,3,Matches,168a2e81
586,Renato,br BRA,DFMF,Avaí,32,1990,11.3,467,392,75,13,0,2,63,39,22,10,12,0,351,0,12,Matches,8fe5bdcd
587,Renê,br BRA,DF,Internacional,29,1992,27.5,1795,1546,248,51,3,11,39,193,4,0,3,0,1481,1,38,Matches,d000ffc7
588,Réver,br BRA,DF,Atlético Mineiro,37,1985,10.5,770,713,57,26,0,9,0,0,0,0,0,0,674,0,2,Matches,1938fd6a
589,Rhaldney,br BRA,MFFW,Atl Goianiense,23,1998,2.0,91,91,0,0,0,1,1,0,0,0,0,0,70,0,1,Matches,ae3ef77f
590,Everton Ribeiro,br BRA,MFFW,Flamengo,32,1989,19.9,1152,1086,59,24,8,5,63,12,23,15,3,0,939,7,11,Matches,68fb50a2
591,Lucas Ribeiro,br BRA,DFMF,Ceará,23,1999,5.6,270,256,14,13,0,7,0,1,0,0,0,0,248,0,1,Matches,607d64c6
592,Matheus Ribeiro,br BRA,DF,Avaí,28,1993,0.2,2,2,0,0,0,0,0,0,0,0,0,0,0,0,1,Matches,7ae055bb
593,Wesley Ribeiro,br BRA,MFFW,Corinthians,16,2005,0.1,7,7,0,0,0,0,0,0,0,0,0,0,7,0,0,Matches,acf5672b
594,Ricardinho,br BRA,FW,Atl Goianiense,20,2001,2.6,50,45,5,0,0,0,1,0,0,0,0,0,38,0,2,Matches,45a1777c
595,João Ricardo Riedi,br BRA,GK,Ceará,33,1988,35.0,1047,639,402,93,0,0,0,0,0,0,0,0,739,6,1,Matches,4729d71a
596,Vitor Ricardo,br BRA,DF,Fortaleza,21,2000,1.3,61,57,4,0,0,0,6,4,0,0,0,0,46,0,0,Matches,1f3906c9
597,Zé Ricardo,br BRA,MF,América (MG),25,1996,2.6,154,151,3,2,0,3,2,1,0,0,0,0,120,0,5,Matches,352f938e
598,Richard,br BRA,GK,Ceará,30,1991,1.0,23,17,6,1,0,0,0,0,0,0,0,0,20,0,0,Matches,f2c12e8d
599,Richard,br BRA,MF,Ceará,27,1994,26.3,1332,1271,58,51,2,21,9,7,0,0,0,0,1142,3,17,Matches,e90aa5da
600,Richardson,br BRA,MF,Ceará,30,1991,23.0,960,903,55,53,0,14,9,1,0,0,0,0,811,2,14,Matches,ef6b8a6b
601,Rickson,br BRA,MFFW,Atl Goianiense,23,1998,0.8,35,33,2,1,0,1,1,0,1,0,0,0,26,0,2,Matches,96a35d1b
602,Emiliano Rigoni,ar ARG,FWMF,São Paulo,28,1993,2.7,150,122,28,5,0,3,34,2,21,13,6,0,99,0,4,Matches,a1216563
603,Rikelme,br BRA,DF,Cuiabá,18,2003,0.2,15,15,0,0,0,0,2,0,0,0,0,0,11,0,0,Matches,637cdc49
604,Rikelmi,br BRA,DF,Botafogo (RJ),20,2001,0.0,4,4,0,0,0,0,0,0,0,0,0,0,3,0,0,Matches,b2ffcf77
605,Cristian Rivas,ve VEN,MF,Cuiabá,25,1997,2.4,115,112,2,1,1,2,1,1,0,0,0,0,104,1,1,Matches,bc4d05c0
606,Zé Roberto,br BRA,FW,Ceará,28,1993,8.2,185,165,19,3,1,0,5,2,0,0,0,0,137,1,5,Matches,810033a1
607,Robinho,br BRA,MF,Coritiba,34,1987,9.8,649,563,85,38,3,13,61,12,33,13,14,0,484,1,11,Matches,8f8809b9
608,Robson,br BRA,FWMF,Fortaleza,30,1991,16.1,347,324,22,3,2,3,20,3,0,0,0,0,221,1,13,Matches,e29eff7a
609,Felipe Rocha,br BRA,FW,Avaí,19,2002,0.5,11,11,0,0,0,0,0,0,0,0,0,0,7,0,1,Matches,a961e1c4
610,Kaique Rocha,br BRA,DF,Internacional,20,2001,5.0,221,213,8,8,0,0,1,0,0,0,0,0,184,0,1,Matches,b31d385e
611,Marcos Rocha,br BRA,DF,Palmeiras,33,1988,25.0,2045,1732,303,78,4,36,40,217,2,0,0,0,1645,10,29,Matches,fdd2f275
612,Pedro Rocha Neves,br BRA,FW,Atl Paranaense,27,1994,3.1,74,66,7,0,0,0,9,2,4,3,1,0,50,1,5,Matches,b33e0095
613,Pedro Rocha Neves,br BRA,FWMF,Fortaleza,27,1994,7.7,164,157,6,1,4,0,12,2,3,2,1,0,114,1,5,Matches,b33e0095
614,Rodinei,br BRA,DF,Flamengo,30,1992,9.8,601,521,79,4,0,0,44,74,1,0,1,0,493,1,14,Matches,7696cc85
615,Rodrigo,br BRA,FWMF,São Paulo,17,2004,0.8,37,37,0,0,0,0,0,0,0,0,0,0,29,0,1,Matches,1126f4e2
616,Rodrigo,br BRA,DF,Avaí,23,1998,5.3,287,275,11,9,0,1,2,2,0,0,0,0,249,1,2,Matches,cdfb04f5
617,Élton Rodrigues Brandão,br BRA,FW,Cuiabá,36,1985,3.3,77,72,5,0,0,0,4,0,0,0,0,0,55,0,1,Matches,e59be3c8
618,Raphael Rodrigues,br BRA,DF,Avaí,23,1999,1.4,96,93,3,3,0,0,0,0,0,0,0,0,84,0,1,Matches,548640cf
619,Rodriguinho,br BRA,MF,América (MG),18,2003,2.1,84,73,11,3,0,5,10,0,8,3,4,0,66,0,1,Matches,4565dde3
620,Romarinho,br BRA,FWMF,Fortaleza,27,1994,14.6,464,444,19,1,2,3,40,5,12,4,6,0,359,1,14,Matches,1e7d2cc0
621,Braian Romero,ar ARG,FW,Internacional,30,1991,3.8,64,57,6,0,0,0,2,2,0,0,0,0,45,1,5,Matches,c5cc3130
622,Silvio Romero,ar ARG,FW,Fortaleza,33,1988,12.9,221,192,26,1,2,0,5,4,0,0,0,0,161,3,11,Matches,6a00c4b0
623,Rômulo,br BRA,FW,Atl Paranaense,19,2002,13.3,284,273,8,0,1,1,5,1,0,0,0,0,191,3,14,Matches,03dd053e
624,Romulo,br BRA,DF,Juventude,21,2000,1.9,95,75,19,0,0,0,6,19,0,0,0,0,55,1,3,Matches,395e0e95
625,Rômulo,br BRA,FWMF,Avaí,26,1995,4.7,140,128,12,3,2,0,7,4,0,0,0,0,100,0,6,Matches,9a6eb94c
626,Ronald,br BRA,MFFW,Fortaleza,24,1997,11.7,408,394,11,4,0,1,10,5,2,1,0,0,332,3,14,Matches,cc119c66
627,Ronaldo,br BRA,GK,Atl Goianiense,25,1996,18.0,493,331,162,31,0,1,0,0,0,0,0,0,389,0,0,Matches,711c08dc
628,Budiga Roni,br BRA,MF,Corinthians,22,1999,8.3,350,342,6,3,0,3,5,0,0,0,0,0,290,2,9,Matches,af433614
629,Rony,br BRA,FW,Palmeiras,26,1995,26.5,384,358,25,2,1,7,32,7,0,0,0,0,248,1,15,Matches,bffd5e50
630,Vitor Roque,br BRA,FW,Atl Paranaense,16,2005,14.6,143,122,21,1,0,0,3,0,0,0,0,0,99,0,4,Matches,cb00f1e6
631,Ruan,br BRA,FWMF,Juventude,16,2005,2.5,49,48,1,0,0,0,5,0,0,0,0,0,35,0,2,Matches,07c41bf4
632,Rubens,br BRA,DFMF,Atlético Mineiro,20,2001,13.7,566,507,58,5,0,1,46,52,1,0,0,0,424,1,23,Matches,ae23d044
633,Óscar Ruiz,py PAR,MFFW,Juventude,30,1991,11.0,270,247,22,5,1,3,29,8,8,5,3,0,187,1,8,Matches,620ce7b1
634,Rwan,br BRA,FWMF,Santos,20,2001,5.2,146,137,7,2,1,0,6,0,0,0,0,0,100,2,8,Matches,568a75fd
635,João Victor Santos Sá,br BRA,FW,Botafogo (RJ),27,1994,19.4,603,580,22,5,2,4,35,15,0,0,0,0,467,1,20,Matches,1a1033a1
636,Matheus Sales,br BRA,MFDF,Goiás,26,1995,19.9,504,494,9,7,0,2,13,1,0,0,0,0,393,1,13,Matches,c3c175c4
637,Philipe Sampaio,br BRA,DF,Botafogo (RJ),27,1994,12.5,690,675,15,15,0,7,1,0,0,0,0,0,601,0,4,Matches,72733d93
638,Carlos Sánchez,uy URU,MF,Santos,37,1984,8.7,370,305,65,22,0,4,63,5,38,10,24,0,251,0,8,Matches,a6dbad80
639,Sandry,br BRA,MF,Santos,19,2002,7.7,535,506,27,15,3,8,20,2,10,4,3,0,450,2,2,Matches,8ceeabef
640,Alex Santana,br BRA,MF,Atl Paranaense,26,1995,9.9,353,345,7,5,1,3,0,1,0,0,0,0,313,1,6,Matches,e75dc411
641,Santos,br BRA,GK,Flamengo,31,1990,19.0,562,404,157,21,0,1,0,0,0,0,0,0,437,1,0,Matches,b8d0b69c
642,Ademir Santos,br BRA,FWMF,Atlético Mineiro,26,1995,16.6,452,427,22,4,1,3,45,6,12,4,3,0,338,3,21,Matches,4b7d58c2
643,Chayene Santos,br BRA,MFFW,Botafogo (RJ),31,1990,6.5,212,191,20,9,1,1,17,4,5,2,2,0,164,1,9,Matches,64a427b4
644,Fábio Santos,br BRA,DF,Corinthians,36,1985,17.4,1302,1115,187,36,1,4,33,151,0,0,0,0,1110,0,24,Matches,d0d786fd
645,Guilherme Santos,br BRA,FWMF,Bragantino,20,2001,0.5,11,9,1,0,0,1,0,0,0,0,0,0,5,1,0,Matches,6eae9de6
646,Gustavo Santos,br BRA,FW,Avaí,19,2002,0.2,,,,,,,1,,,,,,,,,Matches,93913c8e
647,Juan Santos,br BRA,FW,São Paulo,19,2002,0.6,12,12,0,0,0,0,0,0,0,0,0,0,10,0,1,Matches,ad89aa96
648,Júnior Santos,br BRA,FWMF,Botafogo (RJ),27,1994,11.9,292,286,4,0,0,1,15,1,0,0,0,0,208,2,13,Matches,9109e933
649,Luis Eduardo Marques dos Santos,br BRA,DF,Atl Goianiense,24,1997,18.2,921,688,230,25,2,4,72,191,14,1,13,0,708,3,19,Matches,5c5a0d4d
650,Matheus Santos,br BRA,MF,Goiás,23,1998,0.1,1,1,0,0,0,0,0,0,0,0,0,0,1,0,0,Matches,48125180
651,Rafael Santos,br BRA,DF,Coritiba,23,1998,12.7,532,385,144,14,0,2,72,107,23,8,13,0,354,3,16,Matches,c72a6057
652,Mateus Sarará,br BRA,MF,Avaí,19,2002,4.8,261,257,2,2,0,2,1,0,0,0,0,0,212,2,1,Matches,1b4c1c9c
653,Renzo Saravia,ar ARG,DFMF,Botafogo (RJ),28,1993,20.2,943,745,197,19,0,1,46,176,2,0,2,0,707,1,29,Matches,cf316639
654,Eduardo Sasha,br BRA,FWMF,Atlético Mineiro,29,1992,14.3,422,403,16,2,1,3,9,1,0,0,0,0,339,3,9,Matches,b938b871
655,Lucas Sasha,br BRA,MF,Fortaleza,31,1990,14.1,507,501,6,5,1,1,8,1,0,0,0,0,405,0,10,Matches,2e2ec9cf
656,Gustavo Sauer,br BRA,FWMF,Botafogo (RJ),28,1993,3.2,104,84,19,7,1,2,7,8,4,0,1,0,76,1,4,Matches,fd53959e
657,Jefferson Savarino,ve VEN,FW,Atlético Mineiro,25,1996,1.0,38,38,0,0,0,0,3,0,0,0,0,0,29,0,1,Matches,91721722
658,Sávio,br BRA,FWMF,Atlético Mineiro,17,2004,2.4,78,75,3,3,1,3,7,0,0,0,0,0,59,0,1,Matches,fe6e7156
659,Savio,br BRA,DF,Goiás,26,1995,9.4,461,313,146,35,0,5,54,95,16,5,8,0,311,2,15,Matches,3e8c6e2c
660,Gustavo Scarpa,br BRA,MFFW,Palmeiras,28,1994,28.6,1441,1110,322,59,7,41,342,52,211,93,76,1,971,9,28,Matches,2964fd20
661,Cleiton Schwengber,br BRA,GK,Bragantino,24,1997,37.0,1240,894,340,60,0,14,0,0,0,0,0,0,907,6,0,Matches,d24ae824
662,Shaylon,br BRA,FWMF,Atl Goianiense,24,1997,15.0,673,608,64,15,2,4,74,18,31,15,13,0,537,1,12,Matches,69c11ef0
663,Sidcley,br BRA,DFMF,Cuiabá,28,1993,3.7,175,153,21,0,0,2,6,20,1,0,1,0,140,1,2,Matches,a5e96539
664,Sidimar,br BRA,DF,Goiás,29,1992,5.0,108,97,11,10,0,1,0,0,0,0,0,0,94,0,0,Matches,080fc1f0
665,Sidnei,br BRA,DF,Goiás,32,1989,3.3,72,66,6,5,0,0,0,1,0,0,0,0,58,0,1,Matches,b14d0c5d
666,Pablo Siles,uy URU,MF,Atl Paranaense,24,1997,1.8,60,58,2,1,0,2,2,1,0,0,0,0,48,0,1,Matches,cca1e0b5
667,Aderlan Silva,br BRA,DF,Bragantino,31,1990,29.7,1584,1257,323,29,2,15,159,269,24,18,1,2,1150,4,37,Matches,48371573
668,Bruno Silva,br BRA,MF,Avaí,35,1986,28.9,1387,1347,37,35,2,3,14,1,0,0,0,0,1162,3,16,Matches,6efbf91e
669,Da Silva,br BRA,DF,Goiás,20,2001,6.3,226,220,4,3,0,6,0,1,0,0,0,0,186,2,1,Matches,4772a037
670,Cristiano da Silva Leite,br BRA,DF,Fluminense,28,1993,8.3,465,385,79,7,1,1,48,68,4,2,1,1,343,1,13,Matches,2567b7b6
671,Felipe Silva Lipe,br BRA,DF,Avaí,19,2002,3.0,109,105,4,3,0,0,0,0,0,0,0,0,94,0,1,Matches,6b2bfcda
672,Lucas Silva,br BRA,FWMF,Avaí,24,1998,1.2,30,30,0,0,0,0,3,0,0,0,0,0,19,0,2,Matches,aa47c6ce
673,Marcão Silva,br BRA,MFDF,Cuiabá,31,1991,14.1,425,400,23,4,0,8,1,19,0,0,0,0,359,2,6,Matches,e7f8bf4a
674,Márcio Silva,br BRA,DF,Coritiba,20,2001,2.0,42,36,6,6,0,3,0,0,0,0,0,0,35,0,0,Matches,7ee2ea5b
675,Nathan Silva,br BRA,DF,Atlético Mineiro,24,1997,19.2,1133,1093,40,38,0,6,2,2,0,0,0,0,1022,0,8,Matches,369d907c
676,Ricardo Silva,br BRA,DF,América (MG),29,1992,8.3,294,282,12,11,0,6,0,1,0,0,0,0,227,0,4,Matches,a5075276
677,Miguel Silveira,br BRA,MFFW,Bragantino,18,2003,6.3,191,161,29,11,0,4,32,2,16,13,2,0,121,1,12,Matches,281942c4
678,Vinicius Silvestre,br BRA,GK,Palmeiras,27,1994,1.0,20,16,4,0,0,0,0,0,0,0,0,0,16,0,0,Matches,1944518a
679,Jailson Siqueira,br BRA,MF,Palmeiras,26,1995,0.2,14,12,2,1,0,0,3,0,1,1,0,0,7,0,0,Matches,b4819112
680,Everton Soares,br BRA,FWMF,Flamengo,25,1996,15.7,498,477,21,5,5,2,47,3,13,13,0,0,375,0,16,Matches,b1cbc666
681,Tiquinho Soares,br BRA,FW,Botafogo (RJ),31,1991,13.7,343,325,16,5,0,6,6,0,0,0,0,0,234,2,14,Matches,4d982baf
682,Fernando Sobral,br BRA,MF,Ceará,27,1994,11.2,560,541,18,12,3,11,9,6,0,0,0,0,453,1,8,Matches,c012aacd
683,Yeferson Soteldo,ve VEN,FWMF,Santos,24,1997,6.3,234,214,17,4,4,2,38,0,13,5,4,0,164,3,8,Matches,bbb6c951
684,Yan Souto,br BRA,DF,Goiás,20,2001,6.8,229,224,4,4,0,3,1,0,0,0,0,0,164,1,0,Matches,2dffc479
685,Hugo Souza,br BRA,GK,Flamengo,23,1999,14.3,339,244,93,11,0,0,0,0,0,0,0,0,266,2,0,Matches,c02e5af1
686,Igor Vinícius de Souza,br BRA,DFFW,São Paulo,24,1997,12.9,730,573,156,3,0,2,57,132,21,4,17,0,572,1,21,Matches,ec95088d
687,Bruno Tabata,br BRA,FW,Palmeiras,24,1997,5.2,,,,,,,15,,,,,,,,,Matches,33fdf90d
688,Tadeu,br BRA,GK,Goiás,29,1992,38.0,1316,798,515,132,0,5,0,0,0,0,0,0,868,3,1,Matches,8445554f
689,Tailson,br BRA,FWDF,Santos,22,1999,0.4,23,23,0,0,0,2,0,0,0,0,0,0,17,0,0,Matches,200b381d
690,Taison,br BRA,MFFW,Internacional,34,1988,8.1,421,404,17,9,4,1,13,0,7,5,0,0,369,0,4,Matches,7272a72a
691,Tchê Tchê,br BRA,MF,Botafogo (RJ),29,1992,25.7,1104,1056,46,44,3,7,6,2,0,0,0,0,969,2,12,Matches,5f2caf8f
692,David Terans,uy URU,MF,Atl Paranaense,27,1994,22.3,773,635,135,37,4,11,102,8,72,31,20,0,550,3,15,Matches,d3d89d8d
693,Miguel Terceros,bo BOL,FW,Santos,17,2004,0.3,20,20,0,0,0,0,2,0,0,0,0,0,19,0,0,Matches,d66ed604
694,Thiago,br BRA,GK,São Paulo,22,1999,2.7,100,78,21,2,0,1,0,0,0,0,0,0,82,1,0,Matches,602d20ae
695,Guilherme Tinga,br BRA,DF,Fortaleza,28,1993,13.1,708,572,133,14,1,7,28,118,1,0,1,0,455,3,17,Matches,a8331ab0
696,Titi,br BRA,DF,Fortaleza,33,1988,31.1,1130,1060,68,53,0,6,2,15,0,0,0,0,908,2,9,Matches,ea41ddf7
697,Igor Torres,br BRA,FWMF,Fortaleza,21,2000,0.1,8,7,1,0,0,0,1,0,0,0,0,0,5,0,0,Matches,cc9b11b1
698,Jesús Trindade,uy URU,MF,Coritiba,28,1993,14.6,733,669,60,41,1,16,41,1,18,2,16,0,595,4,8,Matches,066e9f5d
699,Bruno Tubarão,br BRA,FWMF,Bragantino,26,1995,5.0,168,166,2,0,0,0,26,2,0,0,0,0,111,0,8,Matches,5411ef4f
700,Uendel,br BRA,DF,Cuiabá,33,1988,14.7,818,648,167,25,0,2,49,135,7,3,3,0,617,3,18,Matches,0bd9e045
701,Valdemir,br BRA,MF,Coritiba,24,1997,6.9,370,355,12,8,1,10,12,2,2,1,0,0,298,3,6,Matches,82cca681
702,Valdívia,br BRA,MFFW,Cuiabá,27,1994,15.4,507,478,28,10,2,0,63,1,16,9,7,0,378,1,22,Matches,e12be458
703,Vanderlan,br BRA,DF,Palmeiras,19,2002,7.2,324,275,49,8,0,0,25,41,0,0,0,0,254,0,9,Matches,bd8432ff
704,Guillermo Varela,uy URU,DF,Flamengo,28,1993,2.9,131,109,21,3,0,0,5,18,0,0,0,0,108,1,3,Matches,5c961282
705,Eduardo Vargas,cl CHI,FW,Atlético Mineiro,32,1989,12.7,485,469,15,1,0,8,5,4,1,0,0,0,405,1,7,Matches,bd603c00
706,Matheus de Vargas,br BRA,MF,Fortaleza,25,1996,4.6,136,134,2,0,0,1,5,1,0,0,0,0,94,0,4,Matches,e43a07d4
707,Jhon Vasquez,co COL,FWMF,Ceará,26,1995,4.6,132,128,4,3,0,1,18,1,0,0,0,0,83,0,12,Matches,b6832e5e
708,Rafael Vaz,br BRA,DF,Avaí,33,1988,15.5,850,793,54,52,2,19,8,1,0,0,0,0,668,3,1,Matches,244fc074
709,Raphael Veiga,br BRA,MF,Palmeiras,26,1995,14.0,522,467,53,9,0,5,42,2,26,10,8,0,422,2,14,Matches,6e5a3bc7
710,Emiliano Velázquez,uy URU,DF,Santos,27,1994,6.0,348,338,9,8,0,2,1,1,0,0,0,0,300,1,3,Matches,5efb80d5
711,Fausto Vera,ar ARG,MF,Corinthians,21,2000,14.5,1009,983,26,19,1,13,4,7,0,0,0,0,886,0,8,Matches,8b3b381b
712,Gabriel Veron,br BRA,FWMF,Palmeiras,19,2002,6.3,138,128,10,1,1,0,6,9,0,0,0,0,109,0,4,Matches,6bc49da7
713,João Vialle,br BRA,DF,Atl Paranaense,19,2002,0.3,17,15,2,1,0,0,0,1,0,0,0,0,15,0,0,Matches,c63a8bf0
714,João Victor,br BRA,MF,Ceará,17,2004,0.2,13,12,1,1,0,0,0,0,0,0,0,0,10,0,0,Matches,e78d763e
715,João Victor,br BRA,DF,Corinthians,23,1998,5.4,297,283,14,11,0,4,0,3,0,0,0,0,263,0,3,Matches,d60cf08d
716,Marcos Victor,br BRA,DF,Ceará,20,2001,4.0,190,184,6,6,0,0,0,0,0,0,0,0,173,0,2,Matches,d714fc5a
717,Arturo Vidal,cl CHI,MF,Flamengo,34,1987,9.3,773,728,44,24,2,9,17,8,12,10,0,0,690,1,4,Matches,67cdbc0e
718,Caio Vidal,br BRA,FWMF,Internacional,21,2000,1.7,15,15,0,0,0,0,1,0,0,0,0,0,12,0,0,Matches,599ab970
719,Elvis Vieira Araújo,br BRA,MFFW,Goiás,31,1990,9.4,551,449,97,49,3,9,71,4,36,17,17,0,404,5,9,Matches,b5391b63
720,Gabriel Vieira,br BRA,FW,Palmeiras,19,2002,0.1,1,1,0,0,0,0,0,0,0,0,0,0,1,0,0,Matches,63904ba9
721,Luan Vieira,br BRA,MFFW,Santos,28,1993,5.0,263,239,24,9,0,1,15,1,13,8,4,0,229,0,2,Matches,c4f6bf06
722,Marcos Vinicios Sorriso,br BRA,FW,Bragantino,20,2001,15.0,458,452,3,0,1,1,61,3,0,0,0,0,299,3,28,Matches,e816a8ee
723,Vinícius,br BRA,FWMF,Ceará,30,1991,26.7,1268,1086,174,45,9,19,160,6,109,45,54,1,933,8,15,Matches,ee01c84d
724,Vinicius,br BRA,MFDF,Santos,22,1999,0.8,30,27,3,0,0,0,2,3,0,0,0,0,19,0,0,Matches,ab3ef9c4
725,Vinícius,br BRA,MFFW,Goiás,28,1993,21.7,573,550,15,0,2,6,59,10,0,0,0,0,367,8,31,Matches,b6bd2b80
726,Vinícius,br BRA,FW,Botafogo (RJ),22,1999,9.7,188,183,5,0,0,0,10,2,0,0,0,0,140,0,5,Matches,ecce7383
727,Vinicius,br BRA,MF,Cuiabá,22,1999,0.1,8,8,0,0,0,0,0,0,0,0,0,0,7,0,1,Matches,badaed00
728,Caio Vinícius,br BRA,MF,Goiás,23,1999,17.3,495,474,20,9,0,1,4,4,0,0,0,0,399,1,10,Matches,8529df9f
729,Mateus Vital,br BRA,FWMF,Corinthians,23,1998,8.2,339,322,17,4,2,1,17,6,7,2,2,0,269,0,8,Matches,db9c8fa4
730,Vitão,br BRA,DF,Internacional,21,2000,31.0,1241,1186,52,49,0,6,0,2,0,0,0,0,1056,3,6,Matches,d4f034db
731,Vitinho,br BRA,FW,Atl Paranaense,22,1999,15.9,422,410,11,3,0,1,22,6,2,0,0,0,312,1,15,Matches,06d4b2e4
732,Vitinho,br BRA,FWMF,Flamengo,28,1993,5.3,198,191,6,0,3,1,8,0,6,0,3,0,161,1,6,Matches,a9e68c94
733,Vitinho,br BRA,FWMF,Avaí,21,2000,4.0,96,88,8,4,0,1,1,0,0,0,0,0,73,0,4,Matches,5e5cc7a9
734,João Vitor,br BRA,MF,Coritiba,21,2000,0.1,1,1,0,0,0,0,0,0,0,0,0,0,1,0,0,Matches,b8d3d5ee
735,Vladimir,br BRA,GK,Avaí,32,1989,22.5,668,403,262,48,0,2,0,0,0,0,0,0,551,3,0,Matches,bbae502c
736,Max Walef,br BRA,GK,Fortaleza,28,1993,5.0,98,72,26,7,0,0,0,0,0,0,0,0,75,0,0,Matches,6411a48d
737,Walter,br BRA,GK,Cuiabá,34,1987,27.4,730,444,285,57,0,2,0,0,0,0,0,0,537,1,0,Matches,8bae322b
738,Wanderson,br BRA,DF,Atl Goianiense,30,1991,27.2,1112,1086,25,21,0,9,0,4,0,0,0,0,969,1,6,Matches,f612025c
739,Wanderson,br BRA,FWMF,Internacional,27,1994,17.8,555,530,23,2,4,1,59,11,8,4,0,0,436,2,19,Matches,5da33b33
740,Warley,br BRA,FWMF,Coritiba,22,1999,6.2,217,198,19,3,0,0,17,16,0,0,0,0,156,0,12,Matches,8f385e2e
741,Welington,br BRA,DFFW,São Paulo,20,2001,18.6,1095,847,242,22,0,6,125,184,36,0,34,0,826,6,30,Matches,a7f95b1f
742,José Welison,br BRA,MF,Fortaleza,26,1995,19.1,886,853,30,19,0,20,22,9,2,1,0,0,728,3,19,Matches,b6cb4d16
743,Weliton,cl CHI,MF,Juventude,16,2005,0.0,1,1,0,0,0,0,0,0,0,0,0,0,1,0,0,Matches,721322fb
744,Wellington,br BRA,DF,Avaí,26,1995,3.0,131,127,4,4,0,0,0,0,0,0,0,0,108,0,1,Matches,ed36f825
745,Welliton,br BRA,MFFW,Bragantino,21,2000,1.1,51,48,3,0,0,1,8,2,1,0,1,0,38,0,1,Matches,d1a7e953
746,Wendell,br BRA,MF,Ceará,19,2002,0.1,3,3,0,0,0,0,0,0,0,0,0,0,2,0,1,Matches,82b7e058
747,Werik,br BRA,FW,Bragantino,20,2001,5.7,91,70,20,0,0,0,2,0,0,0,0,0,75,1,2,Matches,8b20ba5f
748,Werton,br BRA,FW,Flamengo,18,2003,0.3,7,7,0,0,0,0,0,0,0,0,0,0,5,0,0,Matches,d07bde9d
749,Wescley,br BRA,MF,Ceará,30,1991,0.8,23,22,1,0,0,0,3,1,0,0,0,0,20,0,0,Matches,5a43c680
750,Wesley,br BRA,FW,Palmeiras,22,1999,7.2,218,193,21,1,0,0,30,15,5,1,3,0,143,4,12,Matches,434de3a3
751,Weverson,br BRA,MF,Bragantino,21,2000,0.5,11,8,3,1,0,0,3,0,2,2,0,0,7,0,0,Matches,b9829bf7
752,Weverton,br BRA,DF,Internacional,22,1999,0.5,35,28,7,1,0,0,3,5,1,0,1,0,28,0,1,Matches,6ae59cc2
753,Wéverton,br BRA,GK,Palmeiras,34,1987,34.0,1059,760,293,59,0,4,0,0,0,0,0,0,803,6,0,Matches,81be82e9
754,Rafael William,br BRA,GK,Coritiba,20,2001,6.0,126,72,53,5,0,0,0,0,0,0,0,0,89,1,0,Matches,eb9f6c10
755,Willian,br BRA,FWMF,Fluminense,35,1986,5.3,173,159,13,2,1,0,8,4,5,3,2,0,141,1,4,Matches,1f85d0c8
756,Willian,br BRA,FW,Corinthians,33,1988,9.2,390,365,24,8,2,5,33,3,13,7,5,0,299,1,8,Matches,8b9ebd03
757,Xavier,br BRA,MF,Corinthians,21,2000,1.8,73,71,2,2,0,0,0,0,0,0,0,0,62,0,2,Matches,f16ed217
758,Samuel Xavier,br BRA,DF,Fluminense,31,1990,31.4,1948,1617,323,43,6,3,77,273,7,1,5,0,1642,8,41,Matches,0c870df5
759,Yago,br BRA,MFDF,Fluminense,26,1995,12.6,604,546,56,11,3,4,36,32,11,3,5,0,469,2,17,Matches,e2add0e7
760,Ytalo,br BRA,FW,Bragantino,34,1988,6.9,101,89,12,0,0,0,2,1,0,0,0,0,89,0,1,Matches,423e3d0b
761,Marcos Ytalo,br BRA,DF,Ceará,25,1996,1.8,58,47,11,1,0,0,5,10,0,0,0,0,45,0,1,Matches,70053afc
762,Vinícius Zanocelo,br BRA,MF,Santos,21,2001,22.3,914,897,17,11,0,13,2,4,0,0,0,0,767,0,19,Matches,27457e83
763,Federico Zaracho,ar ARG,MFFW,Atlético Mineiro,23,1998,20.9,934,902,26,11,6,3,16,13,1,0,0,0,774,6,21,Matches,803d5265
